acquiring_object_id,acquired_object_id,price_amount,AUD,CAD,EUR,GBP,JPY,SEK,USD,cash,cash_and_stock,stock,acquiring_time_since_founded
c:60326,c:146208,1000000,0,0,0,0,0,0,1,0,0,1,[14.]
c:15461,c:15460,70000,0,0,0,0,0,0,1,1,0,0,[25.]
c:192899,c:193355,330000,0,0,0,0,0,0,1,0,1,0,[27.]
c:138299,c:141275,15000,0,0,0,0,0,0,1,1,0,0,[29.]
c:5457,c:5456,5000,0,0,0,0,0,0,1,1,0,0,[41.]
c:195859,c:195858,100000,0,0,0,0,0,0,1,1,0,0,[42.]
c:221698,c:190514,5000,0,0,0,0,0,0,1,1,0,0,[45.]
c:171432,c:44839,3000,0,0,0,0,0,0,1,0,1,0,[49.]
c:9212,c:9211,50000,0,0,1,0,0,0,0,1,0,0,[112.]
c:185857,c:182355,2500,0,0,0,0,0,0,1,1,0,0,[116.]
c:184438,c:184561,200,0,0,0,0,0,0,1,1,0,0,[122.]
c:73652,c:85064,30000000,0,0,0,0,0,0,1,0,0,0,[126.]
c:475,c:5721,10500000,0,0,0,0,0,0,1,0,1,0,[142.]
c:26413,c:29725,1800000,0,0,0,0,0,0,1,0,0,0,[154.]
c:41425,c:42612,50000,0,0,0,0,0,0,1,1,0,0,[175.]
c:35053,c:15882,10000,0,0,0,0,0,0,1,1,0,0,[184.]
c:266298,c:266297,1,0,0,0,0,0,0,1,1,0,0,[187.]
c:236444,c:236433,24000000,0,0,0,0,0,0,1,0,0,0,[190.]
c:215031,c:215029,6600000,0,0,0,0,0,0,1,0,1,0,[191.]
c:199561,c:13199,30000,0,0,1,0,0,0,0,1,0,0,[191.]
c:22119,c:22116,12000,0,0,0,0,0,0,1,1,0,0,[198.]
c:215031,c:215030,7590000,0,0,0,0,0,0,1,0,0,1,[200.]
c:25574,c:156253,62000,0,0,0,0,0,0,1,1,0,0,[213.]
c:42080,c:140823,5200000,0,0,0,0,0,0,1,0,0,1,[215.]
c:18366,c:18365,3800000,0,0,0,0,0,0,1,1,0,0,[240.]
c:242649,c:242649,1858,0,0,0,0,0,0,1,1,0,0,[243.]
c:261276,c:261265,185000000,0,0,0,0,0,0,1,0,0,0,[245.]
c:475,c:13918,836000,0,0,0,0,0,0,1,1,0,0,[252.]
c:226873,c:226871,75000,0,0,0,0,0,0,1,1,0,0,[253.]
c:226873,c:226872,279000,0,0,0,0,0,0,1,1,0,0,[258.]
c:13449,c:31758,297430000,0,0,0,0,0,0,1,0,0,0,[259.]
c:157165,c:179162,100000,0,0,0,0,0,0,1,0,1,0,[269.]
c:201649,c:38320,65000000,0,0,0,0,0,0,1,1,0,0,[274.]
c:226873,c:226868,50000,0,0,0,0,0,0,1,1,0,0,[279.]
c:475,c:12664,10000000,0,0,0,0,0,0,1,0,1,0,[280.]
c:226873,c:226869,27000,0,0,0,0,0,0,1,1,0,0,[281.]
c:274817,c:274815,80000,0,0,0,0,0,0,1,1,0,0,[283.]
c:236444,c:273464,36000000,0,0,0,0,0,0,1,1,0,0,[293.]
c:274817,c:274816,75000,0,0,0,0,0,0,1,1,0,0,[295.]
c:274817,c:274814,250000,0,0,0,0,0,0,1,1,0,0,[301.]
c:318,c:5475,25000000,0,0,0,0,0,0,1,1,0,0,[320.]
c:279505,c:279503,500000,0,0,0,0,0,0,1,0,1,0,[334.]
c:2391,c:63152,1300000000,0,0,0,0,0,0,1,1,0,0,[350.]
c:154691,c:270395,40000,0,0,0,0,0,0,1,0,0,1,[365.]
c:30570,c:5895,140000000,0,0,1,0,0,0,0,0,0,0,[367.]
c:21696,c:21695,50000,0,0,0,0,0,0,1,1,0,0,[387.]
c:185048,c:185047,1700000,0,0,0,0,0,0,1,0,1,0,[391.]
c:28061,c:83617,25000,0,0,0,1,0,0,0,1,0,0,[402.]
c:146839,c:146838,200000,0,0,0,0,0,0,1,1,0,0,[425.]
c:19786,c:19785,10000,0,0,0,0,0,0,1,0,1,0,[431.]
c:226873,c:226870,17000,0,0,0,0,0,0,1,1,0,0,[440.]
c:192735,c:192734,1500,0,0,0,0,0,0,1,1,0,0,[453.]
c:82725,c:85482,275000,0,0,0,0,0,0,1,0,0,0,[458.]
c:30525,c:82972,250000000,0,0,0,0,0,0,1,0,0,0,[459.]
c:15456,c:22103,10000,0,0,0,0,0,0,1,1,0,0,[497.]
c:210556,c:210478,308000000,0,0,0,0,0,0,1,0,0,0,[498.]
c:10106,c:34000,18000000,0,0,0,0,0,0,1,0,0,0,[545.]
c:144973,c:144972,1400,0,0,0,0,0,0,1,1,0,0,[545.]
c:5023,c:36253,1000000,0,0,0,0,0,0,1,0,0,0,[567.]
c:150762,c:150761,500000,0,0,0,1,0,0,0,1,0,0,[582.]
c:171192,c:171191,4900,0,0,0,0,0,0,1,0,0,1,[600.]
c:188833,c:188832,50000,0,0,0,0,0,0,1,1,0,0,[616.]
c:73652,c:4092,10000000,0,0,0,0,0,0,1,0,0,0,[635.]
c:760,c:524,75000000,0,0,0,0,0,0,1,1,0,0,[642.]
c:475,c:2964,10000000,0,0,0,0,0,0,1,0,0,1,[643.]
c:271678,c:271682,75000000,0,0,0,0,0,0,1,0,1,0,[652.]
c:45,c:16630,85000000,0,0,0,0,0,0,1,1,0,0,[668.]
c:94,c:658,600000000,0,0,0,0,0,0,1,1,0,0,[669.]
c:271678,c:281390,21000000,0,0,0,0,0,0,1,0,1,0,[689.]
c:621,c:27722,130000000,0,0,0,0,0,0,1,0,0,1,[699.]
c:45,c:192,18000000,0,0,0,0,0,0,1,1,0,0,[699.]
c:40482,c:44711,21000000,0,0,0,0,0,0,1,0,0,0,[724.]
c:53254,c:65620,10000000,0,0,0,0,0,0,1,0,0,0,[725.]
c:45,c:1361,100000000,0,0,0,0,0,0,1,0,0,0,[730.]
c:46749,c:36739,26250000,0,0,0,0,0,0,1,0,0,1,[731.]
c:499,c:495,25000,0,0,0,0,0,0,1,1,0,0,[750.]
c:163638,c:163730,1200000,0,0,0,0,0,0,1,1,0,0,[776.]
c:31179,c:31179,22560000,0,0,0,0,0,0,1,0,0,0,[799.]
c:475,c:41469,18000000,0,0,0,0,0,0,1,0,1,0,[804.]
c:37826,c:82453,10000000,0,0,0,0,0,0,1,1,0,0,[805.]
c:25574,c:43983,1000000,0,0,0,0,0,0,1,0,1,0,[805.]
c:95870,c:190613,1000,0,0,0,0,0,0,1,0,0,1,[811.]
c:152288,c:152912,14250,0,0,0,0,0,0,1,1,0,0,[838.]
c:26884,c:26883,1000000,0,0,0,0,0,0,1,0,0,1,[840.]
c:26484,c:26485,101000000,0,0,0,0,0,0,1,0,0,0,[844.]
c:12,c:1607,15000000,0,0,0,0,0,0,1,0,1,0,[847.]
c:2042,c:2049,150000,0,0,0,0,0,0,1,1,0,0,[852.]
c:152288,c:152913,17500,0,0,0,0,0,0,1,1,0,0,[861.]
c:152288,c:152911,18500,0,0,0,0,0,0,1,1,0,0,[864.]
c:475,c:48266,10000000,0,0,0,0,0,0,1,0,0,0,[867.]
c:198127,c:198126,400000,0,0,0,0,0,0,1,0,0,1,[884.]
c:152288,c:152910,23690,0,0,0,0,0,0,1,1,0,0,[887.]
c:26466,c:26467,71000000,0,0,0,0,0,0,1,0,0,0,[890.]
c:25574,c:15764,5500000,0,0,0,0,0,0,1,0,0,1,[891.]
c:23125,c:6030,5700000,0,0,0,0,0,0,1,0,1,0,[892.]
c:152288,c:152909,4000,0,0,0,0,0,0,1,1,0,0,[902.]
c:29358,c:29360,15230000,0,0,0,0,0,0,1,0,0,0,[935.]
c:53058,c:17619,10000000,0,0,0,0,0,0,1,1,0,0,[940.]
c:43929,c:153133,3800000,0,0,0,0,0,0,1,0,0,1,[949.]
c:6020,c:6021,3800000,0,0,0,0,0,0,1,0,1,0,[950.]
c:19014,c:163947,60000,0,0,0,1,0,0,0,1,0,0,[959.]
c:49014,c:154316,30000000,0,0,0,0,0,0,1,0,0,0,[962.]
c:11391,c:82385,10300000,0,0,0,0,0,0,1,0,0,0,[978.]
c:475,c:64552,4700000,0,0,0,0,0,0,1,0,1,0,[982.]
c:36710,c:399,10000000,0,0,0,0,0,0,1,0,0,1,[987.]
c:11391,c:12694,2400000,0,0,0,0,0,0,1,0,0,0,[996.]
c:95870,c:190614,250000,0,0,0,0,0,0,1,0,1,0,[996.]
c:647,c:6060,5000000,0,0,0,0,0,0,1,0,1,0,[997.]
c:475,c:57808,10000000,0,0,0,0,0,0,1,0,0,0,[997.]
c:22711,c:28674,12000000,0,0,0,0,0,0,1,0,0,0,[1002.]
c:27940,c:27939,63100000,0,0,0,0,0,0,1,0,0,0,[1002.]
c:26917,c:1356,107700000,0,0,0,0,0,0,1,1,0,0,[1003.]
c:29248,c:29249,10640000,0,0,0,0,0,0,1,0,0,0,[1006.]
c:47521,c:31105,200000,0,0,0,0,0,0,1,1,0,0,[1026.]
c:274169,c:274254,9200000,0,0,0,0,0,0,1,0,0,0,[1027.]
c:13510,c:159667,350000,0,0,0,0,0,0,1,1,0,0,[1030.]
c:31390,c:31389,2820000,0,0,0,0,0,0,1,0,0,0,[1030.]
c:53254,c:46835,5000000,0,0,0,0,0,0,1,0,0,0,[1033.]
c:267497,c:267496,100000,0,0,0,0,0,0,1,1,0,0,[1035.]
c:9559,c:12734,11111,0,0,0,0,0,0,1,0,0,0,[1042.]
c:68807,c:166841,15000000,0,0,0,0,0,0,1,0,0,0,[1044.]
c:5785,c:61915,8750000,0,0,0,0,0,0,1,0,0,1,[1050.]
c:157408,c:157407,20000,0,0,1,0,0,0,0,1,0,0,[1064.]
c:1812,c:1669,20500000,0,0,0,0,0,0,1,0,0,1,[1068.]
c:32264,c:66418,520000000,0,0,0,0,0,0,1,0,0,0,[1108.]
c:52095,c:52096,2310000000,0,0,0,0,0,0,1,0,0,0,[1128.]
c:2358,c:402,5000000,0,0,0,0,0,0,1,0,0,0,[1139.]
c:52108,c:52110,430000000,0,0,0,0,0,0,1,0,0,0,[1152.]
c:13510,c:13509,2500000,0,0,1,0,0,0,0,0,0,0,[1156.]
c:3396,c:18962,20000000,0,0,0,0,0,0,1,0,1,0,[1160.]
c:475,c:71303,34400000,0,0,0,0,0,0,1,0,0,0,[1170.]
c:2391,c:27049,1400000000,0,0,0,0,0,0,1,0,0,0,[1186.]
c:1812,c:58539,6300000,0,0,0,0,0,0,1,0,0,1,[1192.]
c:475,c:2119,91400000,0,0,0,0,0,0,1,0,1,0,[1196.]
c:2358,c:135,3000000,0,0,0,0,0,0,1,0,0,0,[1198.]
c:25574,c:73883,400000,0,0,0,0,0,0,1,1,0,0,[1200.]
c:19951,c:21982,1000000,0,0,0,0,0,0,1,0,0,0,[1207.]
c:20022,c:143125,4200000,0,0,0,0,0,0,1,0,0,0,[1214.]
c:243648,c:243647,27000000,0,0,0,0,0,0,1,0,0,0,[1236.]
c:36710,c:259312,3500000,0,0,0,0,0,0,1,0,0,1,[1245.]
c:5638,c:10479,550000,0,0,0,0,0,0,1,0,1,0,[1247.]
c:14456,c:6948,2450000,0,0,0,0,0,0,1,0,0,0,[1268.]
c:26917,c:26916,6950000,0,0,0,0,0,0,1,0,0,0,[1278.]
c:163638,c:163731,250000,0,0,0,0,0,0,1,1,0,0,[1294.]
c:30570,c:33081,1200000000,0,0,0,0,0,0,1,0,0,0,[1295.]
c:182004,c:183376,2000000,0,0,0,1,0,0,0,0,1,0,[1301.]
c:29,c:11730,1400000,0,0,0,0,0,0,1,1,0,0,[1339.]
c:29,c:11694,92000000,0,0,0,0,0,0,1,1,0,0,[1369.]
c:12,c:27349,5200000,0,0,0,0,0,0,1,0,0,0,[1373.]
c:152467,c:284341,10000000,0,0,0,0,0,0,1,1,0,0,[1373.]
c:270536,c:257971,195000000,0,0,0,0,0,0,1,0,0,0,[1376.]
c:66228,c:140137,70000,0,0,0,0,0,0,1,1,0,0,[1386.]
c:350,c:1611,50000000,0,0,0,0,0,0,1,1,0,0,[1400.]
c:608,c:2664,4500000,0,0,0,0,0,0,1,0,0,0,[1400.]
c:1385,c:2502,500000000,0,0,0,0,0,0,1,0,0,1,[1401.]
c:58837,c:144558,47000000,0,0,0,0,0,0,1,0,1,0,[1417.]
c:1645,c:126,180000000,0,0,0,0,0,0,1,1,0,0,[1417.]
c:29236,c:29237,7100000,0,0,0,0,0,0,1,0,0,0,[1430.]
c:608,c:1925,11000000,0,0,0,0,0,0,1,0,1,0,[1435.]
c:38751,c:145677,20000000,0,0,0,0,0,0,1,1,0,0,[1458.]
c:191015,c:191014,100000,0,0,0,0,0,0,1,0,0,1,[1510.]
c:74323,c:61783,9000000,0,0,0,0,0,0,1,0,0,0,[1516.]
c:2391,c:670,525000000,0,0,0,0,0,0,1,0,0,0,[1526.]
c:94,c:7890,3500000000,0,0,0,0,0,0,1,0,0,0,[1528.]
c:14533,c:14532,220000,0,0,0,0,0,0,1,1,0,0,[1541.]
c:8583,c:741,3000000,0,0,0,0,0,0,1,0,0,1,[1565.]
c:36920,c:15403,40000000,0,0,0,0,0,0,1,0,0,0,[1567.]
c:23422,c:21041,242000000,0,0,0,0,0,0,1,0,1,0,[1597.]
c:51378,c:2699,5600000,0,0,0,0,0,0,1,0,0,0,[1597.]
c:29,c:11729,49000000,0,0,0,0,0,0,1,1,0,0,[1612.]
c:26466,c:64997,26000000,0,0,0,0,0,0,1,1,0,0,[1619.]
c:26466,c:159865,26000000,0,0,0,0,0,0,1,1,0,0,[1619.]
c:1863,c:21842,4360000,0,0,0,0,0,0,1,0,0,0,[1623.]
c:47044,c:51079,27600000,0,0,0,0,0,0,1,0,0,0,[1627.]
c:17846,c:7162,32500000,0,0,0,0,0,0,1,0,1,0,[1644.]
c:26829,c:26858,10500000,0,0,0,1,0,0,0,1,0,0,[1652.]
c:30957,c:30958,5720000,0,0,0,0,0,0,1,0,0,0,[1686.]
c:59,c:7587,102000000,0,0,0,0,0,0,1,0,1,0,[1689.]
c:9735,c:9737,4900000,0,0,0,0,0,0,1,0,0,1,[1691.]
c:15817,c:63342,5000000,0,0,0,0,1,0,0,0,0,1,[1707.]
c:73036,c:261974,2000000,0,0,0,0,0,0,1,0,1,0,[1708.]
c:1870,c:39739,20000000,0,0,0,0,0,0,1,0,0,0,[1718.]
c:8583,c:83974,350000000,0,0,0,0,0,0,1,0,1,0,[1719.]
c:1812,c:701,210000000,0,0,0,0,0,0,1,0,0,0,[1725.]
c:45,c:3478,325000000,0,0,0,0,0,0,1,0,0,0,[1735.]
c:4447,c:999,113000,0,0,0,0,0,0,1,0,0,0,[1743.]
c:318,c:62432,14000000,0,0,0,0,0,0,1,0,0,0,[1746.]
c:20,c:9228,350000000,0,0,0,0,0,0,1,0,0,1,[1747.]
c:608,c:13591,200000,0,0,0,0,0,0,1,1,0,0,[1768.]
c:391,c:35172,107000,0,0,0,0,0,0,1,0,0,1,[1768.]
c:46943,c:37635,26200000,0,0,0,0,0,0,1,0,1,0,[1781.]
c:15148,c:15154,255600000,0,0,0,0,0,0,1,1,0,0,[1782.]
c:24982,c:280833,200000000,0,0,0,0,0,0,1,0,1,0,[1784.]
c:29,c:11699,29600000,0,0,0,0,0,0,1,1,0,0,[1795.]
c:58837,c:145632,150000000,0,0,0,0,0,0,1,0,1,0,[1814.]
c:58837,c:145631,8800000,0,0,0,0,0,0,1,0,1,0,[1816.]
c:11391,c:270159,260000000,0,0,0,0,0,0,1,0,1,0,[1822.]
c:23283,c:72434,26300000,0,0,0,0,0,0,1,0,1,0,[1826.]
c:27242,c:27241,17500000,0,0,0,0,0,0,1,0,0,0,[1836.]
c:35000,c:35001,50000000,0,0,0,0,0,0,1,0,1,0,[1842.]
c:29,c:11700,2870000000,0,0,0,0,0,0,1,1,0,0,[1853.]
c:29,c:11726,8000000,0,0,0,0,0,0,1,1,0,0,[1857.]
c:3165,c:3164,7500000,0,0,0,0,0,0,1,0,0,0,[1857.]
c:12,c:7671,40000000,0,0,0,0,0,0,1,0,1,0,[1868.]
c:187,c:1450,2000000,0,0,0,0,0,0,1,1,0,0,[1871.]
c:26466,c:490,517000000,0,0,0,0,0,0,1,0,0,0,[1877.]
c:70181,c:18465,40000000,0,0,0,0,0,0,1,0,0,0,[1886.]
c:8583,c:61821,40000000,0,0,0,0,0,0,1,0,0,0,[1886.]
c:12,c:53885,10000000,0,0,0,0,0,0,1,0,0,0,[1897.]
c:608,c:606,11600000,0,0,0,0,0,0,1,1,0,0,[1898.]
c:2534,c:13020,187500000,0,0,0,0,0,0,1,1,0,0,[1916.]
c:28373,c:21940,500000000,0,0,0,0,0,0,1,0,0,0,[1931.]
c:6736,c:6736,6600000,0,0,0,0,0,0,1,1,0,0,[1939.]
c:8583,c:38435,6500000,0,0,0,0,0,0,1,0,0,1,[1943.]
c:29,c:11725,10000000,0,0,0,0,0,0,1,1,0,0,[1946.]
c:317,c:1927,250000000,0,0,0,0,0,0,1,0,0,1,[1946.]
c:6745,c:7329,10000000,0,0,0,0,0,0,1,0,1,0,[1947.]
c:26466,c:9894,66000000,0,0,0,0,0,0,1,1,0,0,[1952.]
c:210697,c:5069,7500000,0,0,0,0,0,0,1,0,0,0,[1960.]
c:29,c:11724,130000000,0,0,0,0,0,0,1,1,0,0,[1977.]
c:606,c:605,171600000,0,0,0,0,0,0,1,1,0,0,[1978.]
c:1385,c:2501,4000000,0,0,0,0,0,0,1,0,0,0,[1979.]
c:29,c:11723,80000000,0,0,0,0,0,0,1,1,0,0,[2007.]
c:5,c:1001,47500000,0,0,0,0,0,0,1,0,1,0,[2017.]
c:28675,c:15848,4700000,0,0,0,0,0,0,1,0,0,0,[2017.]
c:20953,c:4,500000,0,0,0,0,0,0,1,0,0,0,[2019.]
c:28373,c:32539,4000000000,0,0,0,0,0,0,1,0,0,0,[2020.]
c:6736,c:172845,1250000,0,0,0,0,0,0,1,1,0,0,[2024.]
c:608,c:27987,50000000,0,0,0,0,0,0,1,0,0,0,[2029.]
c:28373,c:28375,770000000,0,0,0,0,0,0,1,0,0,1,[2034.]
c:674,c:55187,31000000,0,0,0,0,0,0,1,0,0,0,[2035.]
c:21370,c:74153,95000000,0,0,0,0,0,0,1,0,1,0,[2041.]
c:30962,c:30963,310000,0,0,0,0,0,0,1,1,0,0,[2051.]
c:204138,c:204137,75000,0,0,0,0,0,0,1,1,0,0,[2067.]
c:57010,c:56877,1000,0,0,0,0,0,0,1,1,0,0,[2076.]
c:792,c:629,3300000000,0,0,0,0,0,0,1,1,0,0,[2084.]
c:45324,c:30685,9000000,0,0,0,0,0,0,1,0,0,0,[2100.]
c:9049,c:52566,575000,0,0,0,0,0,0,1,0,0,0,[2102.]
c:425,c:82660,100000000,0,0,0,0,0,0,1,0,1,0,[2114.]
c:29,c:11722,5040000000,0,0,0,0,0,0,1,0,0,1,[2130.]
c:104377,c:246,86000000,0,0,0,0,0,0,1,0,0,0,[2167.]
c:12,c:7493,10000000,0,0,0,0,0,0,1,0,0,0,[2183.]
c:6674,c:6621,27300000,0,0,0,1,0,0,0,0,0,0,[2191.]
c:494,c:184,20000000,0,0,0,0,0,0,1,0,0,0,[2208.]
c:6736,c:172844,2750000,0,0,1,0,0,0,0,1,0,0,[2213.]
c:35739,c:35738,3000000000,0,0,0,0,0,0,1,0,0,0,[2219.]
c:2312,c:73803,2100000,0,0,0,0,0,0,1,1,0,0,[2263.]
c:21839,c:21838,500000,0,0,0,0,0,0,1,1,0,0,[2264.]
c:31741,c:46665,2200000000,0,0,0,0,0,0,1,0,0,0,[2269.]
c:6736,c:172843,750000,0,0,0,0,0,0,1,1,0,0,[2273.]
c:29558,c:13864,120000000,0,0,0,0,0,0,1,1,0,0,[2275.]
c:17661,c:5192,173000000,0,0,0,0,0,0,1,0,0,0,[2276.]
c:2312,c:33224,3000000,0,0,0,0,0,0,1,0,0,0,[2290.]
c:45324,c:20451,60000000,0,0,0,0,0,0,1,0,1,0,[2292.]
c:141,c:35424,5000000,0,0,0,0,0,0,1,0,0,0,[2295.]
c:494,c:725,1000000,0,0,0,0,0,0,1,1,0,0,[2301.]
c:108,c:609,18500000,0,0,0,1,0,0,0,0,1,0,[2304.]
c:548,c:9581,8491000,0,0,0,0,0,0,1,0,1,0,[2308.]
c:56939,c:71563,23250000,0,0,0,0,0,0,1,1,0,0,[2312.]
c:188,c:38829,45000000,0,0,1,0,0,0,0,0,0,0,[2312.]
c:26907,c:26906,2400000,0,0,0,0,0,0,1,0,0,0,[2319.]
c:15609,c:51306,104000000,0,0,0,0,0,0,1,1,0,0,[2326.]
c:674,c:675,13000000,0,0,0,0,0,0,1,0,1,0,[2341.]
c:24893,c:24895,438000000,0,0,0,0,0,0,1,0,0,0,[2354.]
c:13510,c:22010,6000000,0,0,1,0,0,0,0,0,0,0,[2360.]
c:37734,c:50209,285000000,0,0,0,0,0,0,1,0,0,0,[2364.]
c:5,c:34549,10000000,0,0,0,0,0,0,1,1,0,0,[2369.]
c:29,c:11701,432000000,0,0,0,0,0,0,1,0,0,1,[2370.]
c:28373,c:50692,635000000,0,0,0,0,0,0,1,0,1,0,[2372.]
c:29,c:9401,8900000,0,0,0,0,0,0,1,0,0,0,[2372.]
c:191971,c:191970,2000000,0,0,0,0,0,0,1,0,0,1,[2384.]
c:5,c:3793,10000000,0,0,0,0,0,0,1,0,0,0,[2387.]
c:596,c:596,2500000,0,0,0,0,0,0,1,1,0,0,[2392.]
c:792,c:228997,212000000,0,0,1,0,0,0,0,0,0,0,[2393.]
c:12,c:173987,30000000,0,0,0,0,0,0,1,0,0,0,[2394.]
c:161312,c:99685,4800000,0,0,0,0,0,0,1,0,0,1,[2403.]
c:3827,c:4819,35000000000,0,0,0,0,0,0,1,0,0,0,[2418.]
c:160568,c:49533,40000000,0,0,0,0,0,0,1,0,0,0,[2422.]
c:17533,c:17532,70000000,0,0,0,0,0,0,1,0,1,0,[2423.]
c:5,c:22768,2500000,0,0,0,0,0,0,1,1,0,0,[2428.]
c:17731,c:17795,47000000,0,0,0,0,0,0,1,1,0,0,[2456.]
c:624,c:16889,3100000,0,0,0,0,0,0,1,1,0,0,[2460.]
c:56939,c:71564,1800000,0,0,0,0,0,0,1,1,0,0,[2495.]
c:29,c:11719,145000000,0,0,0,0,0,0,1,1,0,0,[2496.]
c:424,c:7114,130000000,0,0,0,0,0,0,1,0,0,1,[2496.]
c:20,c:333,1500000000,0,0,0,0,0,0,1,0,0,1,[2502.]
c:12,c:83692,100000000,0,0,0,0,0,0,1,0,0,0,[2505.]
c:6165,c:15872,15000000,0,0,0,0,0,0,1,0,0,0,[2506.]
c:108,c:187602,36000000,0,0,0,0,0,0,1,1,0,0,[2511.]
c:18293,c:177978,1000000,0,0,0,0,0,0,1,1,0,0,[2511.]
c:12,c:33416,80000000,0,0,0,0,0,0,1,0,0,1,[2512.]
c:4161,c:5346,1300000000,0,0,0,0,0,0,1,1,0,0,[2533.]
c:37962,c:30367,3560000,0,0,0,0,0,0,1,0,0,0,[2543.]
c:31757,c:31756,2580000,0,0,0,0,0,0,1,0,0,0,[2556.]
c:848,c:53232,45000000,0,0,0,0,0,0,1,1,0,0,[2563.]
c:26829,c:26857,4800000,0,0,0,1,0,0,0,1,0,0,[2564.]
c:18293,c:177979,5100000,0,0,0,0,0,0,1,0,1,0,[2575.]
c:760,c:132313,94000000,0,0,0,0,0,0,1,0,1,0,[2580.]
c:235,c:239,151000000,0,0,0,0,0,0,1,0,1,0,[2580.]
c:42220,c:52257,54000000,0,0,0,0,0,0,1,1,0,0,[2582.]
c:29,c:11718,30000000,0,0,0,0,0,0,1,0,0,0,[2588.]
c:13510,c:6531,11400000,0,0,0,0,0,0,1,0,0,0,[2601.]
c:548,c:47671,10000000,0,0,0,0,0,0,1,0,0,0,[2602.]
c:28373,c:67112,20000000000,0,0,0,0,0,0,1,1,0,0,[2603.]
c:6736,c:172841,3700000,0,0,1,0,0,0,0,1,0,0,[2610.]
c:13,c:13,29000000,0,0,0,0,0,0,1,0,0,0,[2616.]
c:548,c:47671,10000000,0,0,0,0,0,0,1,0,0,0,[2630.]
c:6736,c:172839,7000000,0,0,0,1,0,0,0,1,0,0,[2662.]
c:5354,c:5352,17000000,0,0,0,0,0,0,1,0,0,0,[2668.]
c:59,c:678,102000000,0,0,0,0,0,0,1,1,0,0,[2673.]
c:1863,c:2217,13700000,0,0,0,0,0,0,1,0,0,0,[2676.]
c:1809,c:2434,35000000,0,0,0,0,0,0,1,0,0,0,[2677.]
c:26703,c:26702,1850000,0,0,0,0,0,0,1,0,0,0,[2677.]
c:959,c:43183,40000000,0,0,0,0,0,0,1,1,0,0,[2678.]
c:26703,c:26806,15900000,0,0,0,0,0,0,1,0,0,0,[2687.]
c:26905,c:26904,2140000,0,0,0,0,0,0,1,0,0,0,[2695.]
c:176,c:31079,4989000,0,0,0,0,0,0,1,1,0,0,[2701.]
c:15609,c:75865,210000000,0,0,0,0,0,0,1,0,0,0,[2702.]
c:275765,c:275764,1750000,0,0,0,0,0,0,1,1,0,0,[2707.]
c:29,c:11717,12000000,0,0,0,0,0,0,1,1,0,0,[2708.]
c:840,c:758,140500000,0,0,0,0,0,0,1,1,0,0,[2708.]
c:26491,c:15302,146450000,0,0,0,0,0,0,1,0,0,0,[2713.]
c:62,c:1628,150000000,0,0,0,0,0,0,1,0,0,0,[2715.]
c:988,c:42945,374000000,0,0,0,0,1,0,0,0,0,1,[2723.]
c:56939,c:71565,16750000,0,0,0,0,0,0,1,1,0,0,[2726.]
c:12,c:58944,350000000,0,0,0,0,0,0,1,0,0,1,[2729.]
c:28675,c:50988,50000000,0,0,0,0,0,0,1,0,0,0,[2730.]
c:7433,c:19,39000000,0,0,0,0,0,0,1,0,0,1,[2734.]
c:3218,c:4770,160000000,0,0,0,0,0,0,1,0,0,0,[2735.]
c:200647,c:10202,155000,0,0,0,0,0,0,1,0,1,0,[2737.]
c:4500,c:83986,135000000,0,0,0,0,0,0,1,1,0,0,[2738.]
c:4999,c:5587,53000000,0,0,0,0,0,0,1,0,1,0,[2744.]
c:28351,c:24147,260000000,0,0,0,0,0,0,1,0,0,1,[2758.]
c:12255,c:12421,294000000,0,0,0,0,0,0,1,1,0,0,[2765.]
c:840,c:841,132000000,0,0,0,0,0,0,1,1,0,0,[2769.]
c:25332,c:211137,37000000,0,0,0,1,0,0,0,1,0,0,[2769.]
c:17270,c:17269,11720000,0,0,0,1,0,0,0,0,1,0,[2777.]
c:674,c:33564,28000000,0,0,0,0,0,0,1,0,1,0,[2777.]
c:24371,c:24368,35120000,0,0,0,0,0,0,1,0,1,0,[2778.]
c:12352,c:247484,120000000,0,0,0,0,0,0,1,0,0,0,[2781.]
c:5,c:50206,60000000,0,0,0,0,0,0,1,0,0,1,[2785.]
c:28561,c:28560,250000,0,0,0,0,0,0,1,0,1,0,[2810.]
c:264950,c:264954,27700000,0,0,0,0,0,0,1,0,0,0,[2815.]
c:12352,c:71639,158000000,0,0,0,0,0,0,1,0,0,1,[2838.]
c:271053,c:271054,358000000,0,0,0,0,0,0,1,0,0,0,[2838.]
c:17519,c:25023,3000000,0,0,0,0,0,0,1,0,0,0,[2839.]
c:153484,c:34545,35000000,0,0,0,0,0,0,1,0,1,0,[2845.]
c:20,c:11948,150000000,0,0,0,0,0,0,1,1,0,0,[2875.]
c:8750,c:38618,3400000000,0,0,0,0,0,0,1,0,0,0,[2917.]
c:489,c:2252,10000000,0,0,0,0,0,0,1,1,0,0,[2922.]
c:489,c:2274,5000000,0,0,0,0,0,0,1,1,0,0,[2922.]
c:31101,c:31100,203090000,0,0,0,0,0,0,1,0,0,0,[2924.]
c:839,c:4486,3000000,0,0,0,0,0,0,1,1,0,0,[2925.]
c:29,c:11716,436000000,0,0,0,0,0,0,1,1,0,0,[2932.]
c:29414,c:29416,19300000,0,0,0,0,0,0,1,1,0,0,[2940.]
c:149,c:47,150000000,0,0,0,0,0,0,1,0,1,0,[2941.]
c:59,c:63,1650000000,0,0,0,0,0,0,1,0,0,1,[2946.]
c:63963,c:26782,50000000,0,0,0,0,0,0,1,1,0,0,[2957.]
c:6674,c:21297,5000000,0,0,1,0,0,0,0,0,1,0,[2971.]
c:590,c:13534,275000000,0,0,0,0,0,0,1,1,0,0,[2973.]
c:5,c:43233,1010470000,0,0,0,0,0,0,1,0,1,0,[2990.]
c:33635,c:33636,100000000,0,0,0,0,0,0,1,1,0,0,[2995.]
c:18193,c:178693,1300000000,0,0,0,0,0,0,1,0,0,1,[3012.]
c:568,c:201,15000000,0,0,0,0,0,0,1,1,0,0,[3012.]
c:52743,c:164083,2000000,0,0,0,0,0,0,1,0,1,0,[3021.]
c:59,c:7609,28000000,0,0,0,0,0,0,1,1,0,0,[3022.]
c:113,c:2221,50000000,0,0,0,0,0,0,1,0,1,0,[3038.]
c:26936,c:26935,17970000,0,0,0,0,0,0,1,0,0,0,[3043.]
c:26892,c:26891,5000000,0,0,0,0,0,0,1,0,0,0,[3044.]
c:1438,c:1744,15000000,0,0,0,0,0,0,1,1,0,0,[3044.]
c:231574,c:231566,2000000,0,0,0,0,0,0,1,0,0,0,[3046.]
c:53,c:92846,42600000,0,0,0,0,0,0,1,0,0,0,[3055.]
c:19484,c:26634,471390000,0,0,0,0,0,0,1,0,0,0,[3057.]
c:5,c:20559,60000000,0,0,0,0,0,0,1,0,1,0,[3060.]
c:5,c:56075,50000000,0,0,0,0,0,0,1,0,1,0,[3063.]
c:59,c:5694,23000000,0,0,0,0,0,0,1,1,0,0,[3069.]
c:629,c:1413,50000000,0,0,0,0,0,0,1,1,0,0,[3075.]
c:590,c:15088,3900000000,0,0,0,0,0,0,1,0,0,0,[3077.]
c:28250,c:33904,19000000,0,0,0,0,0,0,1,0,0,0,[3095.]
c:25329,c:26889,1240000,0,0,0,0,0,0,1,0,0,0,[3100.]
c:28624,c:28623,6090000,0,0,0,0,0,0,1,0,0,0,[3104.]
c:424,c:44650,170000000,0,0,0,0,0,0,1,0,0,0,[3106.]
c:14081,c:25127,15000000,0,0,0,0,0,0,1,0,0,0,[3122.]
c:838,c:837,425000000,0,0,0,0,0,0,1,1,0,0,[3128.]
c:325,c:21762,30000000,0,0,0,0,0,0,1,0,0,0,[3129.]
c:271575,c:271577,180000000,0,0,0,0,0,0,1,1,0,0,[3141.]
c:350,c:1705,210000000,0,0,0,0,0,0,1,0,0,0,[3150.]
c:959,c:73510,50000000,0,0,0,0,0,0,1,1,0,0,[3152.]
c:21312,c:32536,19710000,0,0,0,0,0,0,1,0,0,0,[3170.]
c:28415,c:28414,18000000,0,0,0,0,0,0,1,1,0,0,[3175.]
c:424,c:4928,15000000,0,0,0,0,0,0,1,0,0,1,[3176.]
c:59,c:155,100000000,0,0,0,0,0,0,1,1,0,0,[3189.]
c:262,c:1591,22500000,0,0,0,0,0,0,1,0,1,0,[3190.]
c:59,c:7613,20300000,0,0,0,0,0,0,1,1,0,0,[3193.]
c:163,c:7129,8400000,0,0,0,0,0,0,1,0,1,0,[3196.]
c:25310,c:25311,66000000,0,0,0,0,0,0,1,0,0,0,[3198.]
c:8757,c:242,3000000,0,0,0,0,0,0,1,0,0,0,[3200.]
c:176,c:46586,15000000,0,0,0,0,0,0,1,0,0,0,[3204.]
c:271030,c:271034,750000000,0,0,0,0,0,0,1,0,0,0,[3204.]
c:20,c:11947,50000000,0,0,0,0,0,0,1,0,0,0,[3218.]
c:59,c:72,60000000,0,0,0,0,0,0,1,1,0,0,[3219.]
c:1926,c:5983,44000000,0,0,0,0,0,0,1,1,0,0,[3223.]
c:59,c:8,625000000,0,0,0,0,0,0,1,1,0,0,[3227.]
c:2312,c:44782,198000000,0,0,0,0,0,0,1,1,0,0,[3228.]
c:1385,c:1384,10000000,0,0,0,0,0,0,1,1,0,0,[3228.]
c:29610,c:31762,290000000,0,0,0,0,0,0,1,0,0,0,[3229.]
c:30525,c:80846,185000000,0,0,0,0,0,0,1,0,0,0,[3233.]
c:840,c:33634,13300000,0,0,0,0,0,0,1,1,0,0,[3259.]
c:29414,c:15871,50000000,0,0,0,0,0,0,1,0,1,0,[3266.]
c:29430,c:29431,31080000,0,0,0,0,0,0,1,0,0,0,[3267.]
c:30525,c:82973,915000000,0,0,0,0,0,0,1,0,0,0,[3269.]
c:10069,c:152433,51500000,0,0,0,0,0,0,1,0,0,0,[3272.]
c:17519,c:17518,92700000,0,0,0,0,0,0,1,1,0,0,[3274.]
c:108,c:15123,65000000,0,0,0,0,0,0,1,0,0,0,[3274.]
c:29250,c:29253,19430000,0,0,0,0,0,0,1,0,0,0,[3278.]
c:1790,c:22721,50000000,0,0,0,0,0,0,1,0,1,0,[3289.]
c:176,c:3508,119000000,0,0,0,0,0,0,1,0,1,0,[3290.]
c:1809,c:28708,65000000,0,0,0,0,0,0,1,0,0,0,[3290.]
c:553,c:66686,355000000,0,0,0,0,0,0,1,0,0,0,[3294.]
c:14081,c:146449,16500000,0,0,0,0,0,0,1,0,0,0,[3295.]
c:5775,c:40113,128000000,0,0,0,0,0,0,1,0,0,0,[3301.]
c:113,c:78578,12700000,0,0,0,0,0,0,1,0,1,0,[3304.]
c:3855,c:7743,25000000,0,0,0,0,0,0,1,0,0,0,[3306.]
c:28250,c:28248,40000000,0,0,0,0,0,0,1,1,0,0,[3311.]
c:27158,c:27157,21350000,0,0,0,0,0,0,1,0,0,0,[3312.]
c:28712,c:13472,157000000,0,0,0,0,0,0,1,0,0,0,[3314.]
c:26471,c:26472,80000000,0,0,0,0,0,0,1,0,0,0,[3315.]
c:2361,c:18071,50000000,0,0,0,0,0,0,1,0,0,0,[3317.]
c:59,c:114,12000000,0,0,0,0,0,0,1,1,0,0,[3319.]
c:29,c:11714,100000000,0,0,0,0,0,0,1,1,0,0,[3319.]
c:590,c:13289,944000000,0,0,0,0,0,0,1,1,0,0,[3334.]
c:8750,c:59176,67500000,0,0,0,0,0,0,1,1,0,0,[3339.]
c:150217,c:150218,125000000,0,0,0,0,0,0,1,0,0,0,[3339.]
c:166190,c:12243,4000000,0,0,0,0,0,0,1,0,0,0,[3341.]
c:333,c:1524,169000000,0,0,0,0,0,0,1,0,0,0,[3345.]
c:29,c:11713,235000000,0,0,0,0,0,0,1,1,0,0,[3346.]
c:26599,c:26895,23000,0,0,0,0,0,0,1,0,0,0,[3347.]
c:1790,c:52270,40500000,0,0,0,0,0,0,1,0,0,0,[3348.]
c:20,c:11946,290000000,0,0,0,0,0,0,1,0,0,0,[3358.]
c:26829,c:26828,5250000,0,0,0,1,0,0,0,0,0,0,[3361.]
c:3864,c:35381,360000000,0,0,0,0,0,0,1,0,1,0,[3366.]
c:17731,c:20395,140000000,0,0,0,0,0,0,1,1,0,0,[3367.]
c:5,c:84320,90000000,0,0,0,0,0,0,1,0,0,0,[3371.]
c:33070,c:33069,10120000,0,0,0,0,0,0,1,0,0,0,[3372.]
c:17274,c:26267,13450000,0,0,0,0,0,0,1,0,0,0,[3374.]
c:20,c:2155,415000000,0,0,0,0,0,0,1,0,1,0,[3379.]
c:4010,c:4007,45000000,0,0,0,0,0,0,1,0,0,0,[3384.]
c:26599,c:21180,50000,0,0,0,0,0,0,1,0,0,0,[3391.]
c:32127,c:31179,650000000,0,0,0,0,0,0,1,1,0,0,[3403.]
c:9420,c:40690,4000000000,0,0,0,0,0,0,1,1,0,0,[3403.]
c:26264,c:26923,10000000,0,0,0,0,0,0,1,0,0,0,[3408.]
c:10816,c:10814,12600,0,0,0,0,0,0,1,1,0,0,[3410.]
c:5306,c:25108,50000000,0,0,0,0,0,0,1,0,0,0,[3410.]
c:51463,c:51464,3070000,0,0,0,0,0,0,1,0,0,0,[3423.]
c:271876,c:46032,35700000,0,0,0,0,0,0,1,0,0,0,[3430.]
c:28851,c:28850,495000,0,0,0,0,0,0,1,0,0,0,[3433.]
c:220339,c:175845,17000000,0,0,0,0,0,0,1,0,0,0,[3438.]
c:23756,c:211209,32000000,0,0,0,1,0,0,0,0,1,0,[3439.]
c:173142,c:234607,25000000,0,0,0,0,0,0,1,0,0,0,[3455.]
c:565,c:17645,35000000,0,0,0,0,0,0,1,0,0,1,[3463.]
c:89750,c:89749,160000,0,0,0,1,0,0,0,1,0,0,[3469.]
c:59,c:2195,3100000000,0,0,0,0,0,0,1,0,0,0,[3473.]
c:29,c:64725,1630000000,0,0,0,0,0,0,1,0,0,0,[3481.]
c:30525,c:30502,105410000,0,0,0,0,0,0,1,0,0,0,[3484.]
c:22309,c:33464,23000000,0,0,0,0,0,0,1,1,0,0,[3485.]
c:240718,c:240719,325000000,0,0,0,0,0,0,1,0,0,0,[3491.]
c:15702,c:15701,2000000,0,0,0,0,0,0,1,0,0,0,[3492.]
c:489,c:1288,30000000,0,0,0,0,0,0,1,1,0,0,[3499.]
c:1972,c:28266,31500000,0,0,0,0,0,0,1,1,0,0,[3503.]
c:29923,c:37002,23600000,0,0,0,0,0,0,1,0,0,0,[3505.]
c:28404,c:30985,15000000,0,0,0,0,0,0,1,0,0,0,[3518.]
c:629,c:9573,202000000,0,0,0,0,0,0,1,1,0,0,[3524.]
c:629,c:49442,202000000,0,0,0,0,0,0,1,1,0,0,[3524.]
c:17731,c:16140,10000000,0,0,0,0,0,0,1,0,0,0,[3528.]
c:1705,c:34909,12000000,0,0,0,0,0,0,1,0,0,0,[3530.]
c:5,c:73586,150000000,0,0,0,0,0,0,1,0,0,0,[3543.]
c:144274,c:144273,2840000,0,0,0,0,0,0,1,0,1,0,[3549.]
c:266896,c:266894,40000000,0,0,0,0,0,0,1,0,0,0,[3553.]
c:26266,c:26265,24820000,0,0,0,0,0,0,1,1,0,0,[3556.]
c:28263,c:28262,35600000,0,0,0,0,0,0,1,1,0,0,[3560.]
c:629,c:807,42000000,0,0,0,0,0,0,1,1,0,0,[3560.]
c:20,c:571,620000000,0,0,0,0,0,0,1,1,0,0,[3562.]
c:21312,c:59767,12000000,0,0,0,0,0,0,1,0,0,0,[3574.]
c:48483,c:30635,25000000,0,0,0,0,0,0,1,1,0,0,[3591.]
c:277241,c:277242,8600000,0,0,0,0,0,0,1,0,1,0,[3596.]
c:352,c:27714,20000000,0,0,0,0,0,0,1,0,1,0,[3599.]
c:584,c:585,128000000,0,0,0,0,0,0,1,1,0,0,[3603.]
c:28373,c:280239,351000000,0,0,0,0,0,0,1,0,0,0,[3608.]
c:2758,c:30648,25600000,0,0,0,0,0,0,1,1,0,0,[3610.]
c:59,c:3223,15000000,0,0,0,0,0,0,1,1,0,0,[3614.]
c:350,c:1385,1850000000,0,0,0,0,0,0,1,1,0,0,[3622.]
c:37578,c:538,26400000,0,0,0,0,0,0,1,0,0,0,[3631.]
c:16734,c:16733,54000000,0,0,0,0,0,0,1,0,1,0,[3634.]
c:176,c:79431,90000000,0,0,0,0,0,0,1,0,0,0,[3635.]
c:1547,c:29338,10480000,0,0,0,0,0,0,1,0,0,0,[3638.]
c:1790,c:71351,290000000,0,0,0,0,0,0,1,0,1,0,[3647.]
c:848,c:854,270000000,0,0,0,0,0,0,1,1,0,0,[3653.]
c:19066,c:40762,21000000,0,0,0,0,0,0,1,1,0,0,[3656.]
c:51828,c:65787,131000000,0,0,0,0,0,0,1,1,0,0,[3661.]
c:1438,c:2593,2600000,0,0,0,0,0,0,1,0,1,0,[3663.]
c:20,c:62,2600000000,0,0,0,0,0,0,1,0,0,0,[3664.]
c:37515,c:43128,100000000,0,0,0,0,0,0,1,0,1,0,[3682.]
c:56939,c:71615,16000000,0,0,0,0,0,0,1,1,0,0,[3687.]
c:2881,c:2880,15000000,0,0,0,0,0,0,1,0,0,0,[3692.]
c:14390,c:52253,29000000,0,0,0,1,0,0,0,0,0,0,[3698.]
c:72337,c:148332,30000000,0,0,0,0,0,0,1,0,1,0,[3709.]
c:13246,c:24147,400000000,0,0,0,0,0,0,1,0,0,1,[3714.]
c:29414,c:25772,10000000,0,0,0,0,0,0,1,1,0,0,[3716.]
c:166190,c:49300,6000000,0,0,0,0,0,0,1,0,0,0,[3732.]
c:424,c:12613,95000000,0,0,0,0,0,0,1,1,0,0,[3734.]
c:29,c:529,475000000,0,0,1,0,0,0,0,1,0,0,[3737.]
c:1735,c:604,86000000,0,0,0,0,0,0,1,1,0,0,[3743.]
c:2758,c:2756,634000000,0,0,0,0,0,0,1,0,0,0,[3753.]
c:230710,c:230886,1100000000,0,0,0,0,0,0,1,0,0,0,[3766.]
c:1735,c:602,93700000,0,0,0,0,0,0,1,1,0,0,[3773.]
c:26264,c:26263,28000000,0,0,0,0,0,0,1,0,0,0,[3780.]
c:21312,c:76089,9000000,0,0,0,0,0,0,1,1,0,0,[3783.]
c:31354,c:31353,186460000,0,0,0,0,0,0,1,0,0,0,[3784.]
c:26909,c:26908,3110000,0,0,0,0,0,0,1,0,0,0,[3793.]
c:256,c:6108,33000000,0,0,0,0,0,0,1,1,0,0,[3805.]
c:2720,c:3383,78000000,0,0,0,0,0,0,1,0,1,0,[3808.]
c:1316,c:1283,60000000,0,0,0,0,0,0,1,0,1,0,[3824.]
c:60630,c:60693,8000000,0,0,0,0,0,0,1,0,0,0,[3833.]
c:590,c:4498,39000000000,0,0,0,0,0,0,1,0,0,0,[3833.]
c:31881,c:31879,36120000,0,0,0,0,0,0,1,0,0,0,[3837.]
c:28873,c:28872,1600000,0,0,0,0,0,0,1,0,0,0,[3844.]
c:29558,c:30551,322270000,0,0,0,0,0,0,1,0,0,0,[3848.]
c:840,c:12625,352000000,0,0,0,0,0,0,1,1,0,0,[3849.]
c:6108,c:13518,19400000,0,0,0,0,0,0,1,0,0,0,[3855.]
c:3827,c:7433,483000000,0,0,0,0,0,0,1,0,0,1,[3861.]
c:29095,c:29093,1500000,0,0,0,0,0,0,1,0,0,0,[3861.]
c:20,c:671,48300000,0,0,0,0,0,0,1,1,0,0,[3865.]
c:3052,c:37330,18000000,0,0,0,0,0,0,1,0,0,0,[3896.]
c:8854,c:32634,73500000,0,0,0,0,0,0,1,0,0,0,[3896.]
c:29,c:530,160000000,0,0,0,0,0,0,1,1,0,0,[3896.]
c:23054,c:14524,19000000,0,0,0,0,0,0,1,1,0,0,[3916.]
c:6478,c:6477,9650000,0,0,0,0,0,0,1,0,1,0,[3920.]
c:185523,c:251266,60,0,0,0,0,0,0,1,0,1,0,[3920.]
c:23579,c:24762,9000000,0,0,0,0,0,0,1,0,0,0,[3930.]
c:27257,c:41531,5220000,0,0,0,0,0,0,1,0,0,0,[3932.]
c:3827,c:34188,831000000,0,0,0,0,0,0,1,1,0,0,[3944.]
c:28712,c:4698,350000000,0,0,0,0,0,0,1,0,1,0,[3952.]
c:14904,c:58020,140000000,0,0,0,0,0,0,1,0,0,0,[3957.]
c:30525,c:40492,17000000,0,0,0,0,0,0,1,0,0,0,[3960.]
c:12906,c:1254,30000000,0,0,0,0,0,0,1,0,1,0,[3966.]
c:28880,c:28879,8320000,0,0,0,0,0,0,1,0,0,0,[3967.]
c:146189,c:45604,68000000,0,0,0,0,0,0,1,1,0,0,[3967.]
c:5990,c:28420,15000000,0,0,0,0,0,0,1,0,0,0,[3986.]
c:1926,c:51190,24000000,0,0,0,0,0,0,1,0,1,0,[3987.]
c:163,c:56180,10100000,0,0,0,0,0,0,1,0,1,0,[3989.]
c:30525,c:39987,108000000,0,0,0,0,0,0,1,0,0,0,[4000.]
c:3096,c:494,35000000,0,0,0,0,0,0,1,0,0,0,[4015.]
c:143255,c:143252,10000000,0,0,1,0,0,0,0,0,1,0,[4017.]
c:6165,c:65487,15000000,0,0,0,0,0,0,1,1,0,0,[4021.]
c:590,c:117415,15000000,0,0,0,0,0,0,1,1,0,0,[4023.]
c:14139,c:246288,2,0,0,1,0,0,0,0,0,1,0,[4031.]
c:15299,c:19007,42000000,0,0,0,0,0,0,1,0,1,0,[4044.]
c:532,c:29750,1630000,0,0,0,0,0,0,1,0,0,0,[4045.]
c:20751,c:83375,1100000,0,0,0,0,0,0,1,0,0,0,[4046.]
c:5622,c:12662,1430000,0,0,0,0,0,0,1,1,0,0,[4047.]
c:29,c:11709,93000000,0,0,0,0,0,0,1,1,0,0,[4049.]
c:2345,c:1499,10000000,0,0,0,0,0,0,1,1,0,0,[4049.]
c:1926,c:55609,36700000,0,0,0,0,0,0,1,1,0,0,[4049.]
c:629,c:753,96000000,0,0,0,0,0,0,1,1,0,0,[4070.]
c:584,c:20148,10000000,0,0,0,0,0,0,1,1,0,0,[4077.]
c:1336,c:2102,51500000,0,0,0,0,0,0,1,0,0,1,[4077.]
c:3063,c:1285,150000000,0,0,0,0,0,0,1,1,0,0,[4079.]
c:59,c:73,30000000,0,0,0,0,0,0,1,0,0,0,[4081.]
c:59,c:726,750000000,0,0,0,0,0,0,1,0,0,1,[4081.]
c:601,c:32629,3000000,0,0,0,0,0,0,1,0,0,0,[4093.]
c:49255,c:52505,19900000,0,0,0,0,0,0,1,0,0,0,[4101.]
c:59,c:13046,25000000,0,0,0,0,0,0,1,0,0,0,[4107.]
c:56939,c:71616,9900000,0,0,0,0,0,0,1,1,0,0,[4112.]
c:674,c:44,62500000,0,0,0,0,0,0,1,0,1,0,[4118.]
c:1972,c:6085,142000000,0,0,0,0,0,0,1,1,0,0,[4128.]
c:13246,c:47269,285000000,0,0,0,0,0,0,1,1,0,0,[4135.]
c:16675,c:16674,60000000,0,0,0,0,0,0,1,0,1,0,[4140.]
c:15760,c:13778,23000000,0,0,0,0,0,0,1,0,0,0,[4140.]
c:20,c:2507,310000000,0,0,0,0,0,0,1,0,0,0,[4149.]
c:565,c:9250,51000000,0,0,0,0,0,0,1,0,1,0,[4169.]
c:28712,c:10864,40000000,0,0,0,0,0,0,1,1,0,0,[4169.]
c:44138,c:78377,63000000,0,0,0,0,0,0,1,0,1,0,[4170.]
c:56939,c:71617,21000000,0,0,0,0,0,0,1,1,0,0,[4171.]
c:59,c:4622,50000000,0,0,0,0,0,0,1,0,0,0,[4175.]
c:30525,c:82974,22000000,0,0,0,0,0,0,1,0,0,0,[4177.]
c:59,c:21559,130000000,0,0,0,0,0,0,1,0,1,0,[4183.]
c:25597,c:50759,11000000,0,0,0,0,0,0,1,0,1,0,[4199.]
c:28246,c:28244,40000000,0,0,0,0,0,0,1,0,0,0,[4200.]
c:11082,c:17851,210000000,0,0,0,0,0,0,1,1,0,0,[4204.]
c:28563,c:28562,750000,0,0,0,0,0,0,1,0,0,0,[4207.]
c:1444,c:596,71000000,0,0,0,0,0,0,1,1,0,0,[4212.]
c:26999,c:9665,600000000,0,0,0,0,0,0,1,1,0,0,[4212.]
c:1438,c:5406,333000000,0,0,0,0,0,0,1,0,1,0,[4219.]
c:13906,c:1590,40000000,0,0,0,0,0,0,1,0,0,0,[4230.]
c:13171,c:651,90000000,0,0,0,0,0,0,1,0,0,0,[4230.]
c:754,c:752,43000000,0,0,0,0,0,0,1,1,0,0,[4230.]
c:5990,c:8990,362000000,0,0,0,0,0,0,1,0,1,0,[4239.]
c:3052,c:61136,49700000,0,0,0,0,0,0,1,0,0,0,[4239.]
c:9636,c:9068,400000000,0,0,0,0,0,0,1,0,1,0,[4240.]
c:29,c:528,1000000000,0,0,0,0,0,0,1,0,1,0,[4240.]
c:59,c:6706,25000000,0,0,0,0,0,0,1,0,1,0,[4250.]
c:59,c:6216,35000000,0,0,0,0,0,0,1,0,0,0,[4255.]
c:28122,c:28124,39100000,0,0,0,0,0,0,1,0,0,1,[4259.]
c:845,c:844,56000000,0,0,0,0,0,0,1,1,0,0,[4261.]
c:175249,c:173496,33500000,0,0,0,0,0,0,1,0,0,0,[4261.]
c:59,c:48270,68200000,0,0,0,0,0,0,1,1,0,0,[4271.]
c:16734,c:16302,244000000,0,0,0,0,0,0,1,0,0,0,[4271.]
c:30687,c:16603,171000000,0,0,0,0,0,0,1,0,0,0,[4276.]
c:59,c:1832,80000000,0,0,0,0,0,0,1,1,0,0,[4286.]
c:26829,c:192265,2500000,0,0,0,1,0,0,0,1,0,0,[4287.]
c:1336,c:1337,394000000,0,0,0,0,0,0,1,0,0,1,[4291.]
c:29,c:1238,1000000,0,0,0,0,0,0,1,1,0,0,[4295.]
c:8931,c:4245,689000000,0,0,0,0,0,0,1,0,0,0,[4311.]
c:1335,c:1334,25000000,0,0,0,0,0,0,1,1,0,0,[4322.]
c:590,c:25744,50000000,0,0,0,0,0,0,1,0,0,0,[4334.]
c:62791,c:53580,218000000,0,0,0,0,0,0,1,1,0,0,[4350.]
c:59,c:140,182000000,0,0,0,0,0,0,1,0,0,0,[4351.]
c:59,c:5986,70000000,0,0,0,0,0,0,1,0,0,0,[4354.]
c:1972,c:1922,250000000,0,0,0,0,0,0,1,0,1,0,[4359.]
c:1336,c:2101,65000000,0,0,0,0,0,0,1,0,0,1,[4364.]
c:30525,c:65922,144000000,0,0,0,0,0,0,1,1,0,0,[4385.]
c:1926,c:4336,22000000,0,0,0,0,0,0,1,0,1,0,[4385.]
c:28415,c:23098,59000000,0,0,0,0,0,0,1,1,0,0,[4387.]
c:1972,c:3413,31000000,0,0,0,0,0,0,1,1,0,0,[4388.]
c:59,c:45634,12000000,0,0,0,0,0,0,1,0,0,0,[4388.]
c:9931,c:38801,28000000,0,0,0,0,0,0,1,0,0,0,[4389.]
c:52488,c:52489,23000000,0,0,0,0,0,0,1,0,0,0,[4402.]
c:13217,c:48552,40000000,0,0,0,0,0,0,1,0,1,0,[4404.]
c:30525,c:28208,31400000,0,0,0,0,0,0,1,0,0,0,[4413.]
c:333,c:42544,135000000,0,0,0,0,0,0,1,0,0,0,[4414.]
c:829,c:20679,2000000,0,0,0,0,0,0,1,1,0,0,[4424.]
c:3407,c:18163,1950000,0,0,0,0,0,0,1,0,0,0,[4427.]
c:1385,c:6382,100000000,0,0,0,0,0,0,1,1,0,0,[4427.]
c:349,c:348,13000000,0,0,0,0,0,0,1,1,0,0,[4442.]
c:601,c:53314,55000000,0,0,0,0,0,0,1,0,0,0,[4459.]
c:13406,c:46011,615000000,0,0,0,0,0,0,1,0,0,0,[4460.]
c:14008,c:139031,206000000,0,0,0,0,0,0,1,0,1,0,[4470.]
c:1972,c:2226,326000000,0,0,0,0,0,0,1,0,1,0,[4471.]
c:59,c:23963,160000000,0,0,0,0,0,0,1,1,0,0,[4483.]
c:5346,c:5345,268000000,0,0,0,0,0,0,1,0,0,0,[4494.]
c:25790,c:25794,14000000,0,0,0,0,0,0,1,1,0,0,[4494.]
c:21875,c:1674,35000000,0,0,0,0,0,0,1,0,1,0,[4497.]
c:22312,c:22311,3900000,0,0,0,0,0,0,1,0,0,0,[4501.]
c:4845,c:4846,50000000,0,0,0,0,0,0,1,0,0,0,[4503.]
c:25597,c:3180,3500000,0,0,0,0,0,0,1,1,0,0,[4504.]
c:26957,c:26956,29350000,0,0,0,0,0,0,1,0,0,0,[4504.]
c:26797,c:26796,106140000,0,0,0,0,0,0,1,0,0,0,[4513.]
c:5744,c:5808,316000000,0,0,0,0,0,0,1,0,0,0,[4521.]
c:59,c:53263,10000000,0,0,0,0,0,0,1,0,0,0,[4523.]
c:26911,c:26910,5470000,0,0,0,0,0,0,1,0,0,0,[4524.]
c:18362,c:18363,166000000,0,0,0,0,0,0,1,0,1,0,[4534.]
c:63884,c:222760,13000000,0,0,0,0,0,0,1,0,0,0,[4539.]
c:26829,c:192264,6500000,0,0,0,1,0,0,0,1,0,0,[4553.]
c:163,c:152466,8300000,0,0,0,0,0,0,1,0,1,0,[4553.]
c:1335,c:26888,1200000,0,0,0,0,0,0,1,0,0,0,[4558.]
c:159820,c:159819,800000,0,0,0,0,0,0,1,1,0,0,[4558.]
c:13171,c:7306,7000000,0,0,1,0,0,0,0,1,0,0,[4559.]
c:59,c:70611,37700000,0,0,0,1,0,0,0,0,0,0,[4564.]
c:25597,c:63653,32500000,0,0,0,0,0,0,1,0,1,0,[4574.]
c:6676,c:32118,4000000,0,0,0,0,0,0,1,0,0,0,[4577.]
c:25790,c:28303,11000000,0,0,0,0,0,0,1,1,0,0,[4590.]
c:26477,c:26480,87110000,0,0,0,0,0,0,1,0,0,0,[4594.]
c:28669,c:28668,9330000,0,0,0,0,0,0,1,0,0,0,[4595.]
c:12451,c:13108,25000000,0,0,0,0,0,0,1,1,0,0,[4596.]
c:840,c:53389,42000000,0,0,0,0,0,0,1,1,0,0,[4598.]
c:59,c:44544,700000000,0,0,0,0,0,0,1,1,0,0,[4601.]
c:26298,c:245976,2000000,0,0,0,0,0,0,1,0,0,0,[4611.]
c:5990,c:45696,100000000,0,0,0,0,0,0,1,0,0,0,[4625.]
c:845,c:3686,20000000,0,0,0,0,0,0,1,1,0,0,[4626.]
c:50953,c:261641,17300000,0,0,0,0,0,0,1,0,0,0,[4629.]
c:20442,c:1260,5600000,0,0,0,0,0,0,1,0,0,0,[4633.]
c:59,c:3134,4900000,0,0,0,0,0,0,1,1,0,0,[4638.]
c:66686,c:10507,8250000,0,0,0,0,0,0,1,0,0,0,[4646.]
c:1972,c:33949,50000000,0,0,0,0,0,0,1,1,0,0,[4646.]
c:16675,c:28489,17500000,0,0,0,0,0,0,1,0,0,0,[4648.]
c:51828,c:267155,53000000,0,0,0,0,0,0,1,0,0,0,[4649.]
c:59,c:8972,400000000,0,1,0,0,0,0,0,0,0,0,[4650.]
c:1340,c:1341,52000000,0,0,0,0,0,0,1,1,0,0,[4656.]
c:221508,c:269093,97600000,0,0,0,0,0,0,1,0,0,0,[4657.]
c:5744,c:254996,375000000,0,0,0,0,0,0,1,1,0,0,[4658.]
c:7618,c:16618,130000000,0,0,0,0,0,0,1,0,0,0,[4665.]
c:12421,c:12420,6200000,0,0,0,0,0,0,1,1,0,0,[4670.]
c:590,c:41391,1200000000,0,0,0,0,0,0,1,0,0,0,[4678.]
c:1385,c:1465,25000000,0,0,0,0,0,0,1,0,0,0,[4679.]
c:16591,c:3861,417000000,0,0,0,0,0,0,1,0,0,0,[4686.]
c:31383,c:31382,500000,0,0,0,0,0,0,1,0,0,0,[4687.]
c:4010,c:22057,50000000,0,0,0,0,0,0,1,1,0,0,[4700.]
c:8249,c:61846,13750000,0,0,0,0,0,0,1,1,0,0,[4703.]
c:59,c:80668,30000000,0,0,0,0,0,0,1,0,1,0,[4711.]
c:282571,c:282576,7000000,0,0,0,1,0,0,0,0,1,0,[4713.]
c:29631,c:29632,2600000,0,0,0,1,0,0,0,0,0,0,[4720.]
c:50953,c:26342,50000000,0,0,0,0,0,0,1,0,0,0,[4725.]
c:13389,c:38774,36000000,0,0,0,0,0,0,1,0,1,0,[4745.]
c:27939,c:39197,100000000,0,0,0,0,0,0,1,0,0,0,[4752.]
c:36983,c:152700,16500000,0,0,0,0,0,0,1,0,0,0,[4753.]
c:2506,c:1340,775000000,0,0,0,0,0,0,1,1,0,0,[4754.]
c:29,c:3209,10000000,0,0,0,0,0,0,1,1,0,0,[4756.]
c:163,c:210911,30000000,0,0,0,0,0,0,1,1,0,0,[4758.]
c:351,c:13020,407000000,0,0,0,0,0,0,1,1,0,0,[4763.]
c:57356,c:5003,8500000,0,0,0,0,0,0,1,0,0,1,[4779.]
c:20,c:11932,380000000,0,0,0,0,0,0,1,1,0,0,[4784.]
c:20,c:1595,945000000,0,0,0,0,0,0,1,0,1,0,[4784.]
c:48483,c:51466,61000000,0,0,0,0,0,0,1,1,0,0,[4787.]
c:3524,c:21121,15000000,0,0,0,0,0,0,1,1,0,0,[4794.]
c:44505,c:20698,54000000,0,0,0,0,0,0,1,0,0,0,[4794.]
c:59,c:8809,151000000,0,0,0,0,0,0,1,1,0,0,[4797.]
c:35247,c:1309,43000000,0,0,0,0,0,0,1,0,0,0,[4816.]
c:6676,c:52367,33000000,0,0,0,0,0,0,1,0,0,0,[4831.]
c:29,c:2731,850000000,0,0,0,0,0,0,1,1,0,0,[4838.]
c:840,c:549,75000000,0,0,0,0,0,0,1,0,0,0,[4838.]
c:2361,c:201186,5000000,0,0,0,1,0,0,0,1,0,0,[4840.]
c:3052,c:2961,5000000,0,0,0,0,0,0,1,1,0,0,[4840.]
c:838,c:24098,250000000,0,0,0,0,0,0,1,0,0,0,[4850.]
c:4018,c:139237,36000000,0,0,0,0,0,0,1,1,0,0,[4862.]
c:47259,c:47260,32000000,0,0,0,0,0,0,1,0,1,0,[4864.]
c:424,c:3950,268000000,0,0,0,0,0,0,1,1,0,0,[4866.]
c:584,c:4988,800000000,0,0,0,0,0,0,1,0,0,0,[4868.]
c:5103,c:26925,10580000,0,0,0,0,0,0,1,0,0,0,[4869.]
c:14159,c:26922,9400000,0,0,0,0,0,0,1,0,0,0,[4870.]
c:51078,c:51077,28700000,0,0,0,0,0,0,1,0,0,0,[4870.]
c:24371,c:64403,17800000,0,0,0,0,0,0,1,0,0,0,[4872.]
c:49178,c:51244,12300000,0,0,0,0,0,0,1,0,0,0,[4877.]
c:22309,c:52349,14000000,0,0,0,0,0,0,1,0,1,0,[4878.]
c:838,c:21622,260000000,0,0,0,0,0,0,1,0,0,0,[4878.]
c:3399,c:161441,4200000,0,0,0,0,0,0,1,0,0,0,[4883.]
c:3399,c:74928,10000000,0,0,0,0,0,0,1,0,0,0,[4889.]
c:40504,c:68299,20000000,0,0,0,0,0,0,1,1,0,0,[4890.]
c:26540,c:27380,116000000,0,0,0,0,0,0,1,0,0,0,[4890.]
c:217859,c:20910,3100000,0,0,1,0,0,0,0,0,1,0,[4891.]
c:53167,c:160167,87000000,0,0,0,1,0,0,0,0,0,0,[4900.]
c:26765,c:26764,4500000,0,0,0,0,0,0,1,0,0,0,[4901.]
c:1972,c:967,689000000,0,0,0,0,0,0,1,0,0,0,[4903.]
c:3132,c:49406,13000000,0,0,0,0,0,0,1,0,0,0,[4905.]
c:5990,c:31888,85000000,0,0,0,0,0,0,1,0,0,0,[4911.]
c:24216,c:3487,18000000,0,0,0,0,0,0,1,0,0,0,[4912.]
c:22312,c:3431,135000000,0,0,0,0,0,0,1,0,0,0,[4915.]
c:29,c:24078,100000000,0,0,0,0,0,0,1,0,0,0,[4918.]
c:212,c:215,25000000,0,0,0,0,0,0,1,1,0,0,[4929.]
c:56939,c:263137,63950000,0,0,0,0,0,0,1,1,0,0,[4932.]
c:351,c:5000,4200000000,0,0,0,0,0,0,1,0,0,1,[4936.]
c:1972,c:76831,70000000,0,0,0,0,0,0,1,1,0,0,[4938.]
c:26829,c:261884,8000000,0,0,0,1,0,0,0,0,0,0,[4938.]
c:14390,c:163195,38300000,0,0,1,0,0,0,0,0,0,0,[4940.]
c:236402,c:236401,2278750,0,0,0,0,0,0,1,0,0,1,[4947.]
c:8661,c:8662,3000000000,0,0,0,0,0,0,1,1,0,0,[4951.]
c:1340,c:8041,36000000,0,0,0,0,0,0,1,1,0,0,[4952.]
c:212,c:394,4100000,0,0,0,0,0,0,1,1,0,0,[4960.]
c:15273,c:243706,34000000,0,0,0,0,0,0,1,1,0,0,[4960.]
c:840,c:39557,295000000,0,0,0,0,0,0,1,0,1,0,[4961.]
c:26829,c:28794,23000000,0,0,0,1,0,0,0,0,0,0,[4964.]
c:26339,c:53780,258100,0,0,0,0,0,0,1,1,0,0,[4985.]
c:629,c:2250,20000000,0,0,0,0,0,0,1,1,0,0,[4986.]
c:29,c:997,350000000,0,0,0,0,0,0,1,1,0,0,[4991.]
c:29,c:487,300000000,0,0,0,0,0,0,1,1,0,0,[4994.]
c:7563,c:12019,107000000,0,0,0,0,0,0,1,0,0,0,[4995.]
c:59,c:64703,12500000000,0,0,0,0,0,0,1,1,0,0,[5006.]
c:59,c:173,100000000,0,0,0,0,0,0,1,0,0,0,[5019.]
c:29610,c:1078,930000000,0,0,0,0,0,0,1,1,0,0,[5023.]
c:4018,c:237908,1900000000,0,0,0,0,0,0,1,0,0,0,[5026.]
c:17181,c:17205,65000000,0,0,0,0,0,0,1,0,0,0,[5029.]
c:27272,c:27273,5900000,0,0,0,0,0,0,1,0,0,0,[5037.]
c:59,c:4731,50000000,0,0,0,0,0,0,1,0,1,0,[5042.]
c:159820,c:271692,3000000,0,0,0,0,0,0,1,1,0,0,[5047.]
c:5208,c:27018,357000000,0,0,0,0,0,0,1,0,0,0,[5052.]
c:10241,c:36936,27000000,0,0,0,0,0,0,1,0,0,0,[5053.]
c:26734,c:244065,409000000,0,0,0,0,0,0,1,0,0,0,[5053.]
c:4018,c:51271,1850000000,0,0,0,0,0,0,1,1,0,0,[5056.]
c:31388,c:31387,241000,0,0,0,0,0,0,1,0,0,0,[5069.]
c:40593,c:40592,44700000,0,0,0,0,0,0,1,0,0,0,[5075.]
c:59,c:12348,350000000,0,0,0,0,0,0,1,0,0,0,[5076.]
c:351,c:13012,525000000,0,0,0,0,0,0,1,0,0,1,[5090.]
c:257251,c:257250,2500000,0,1,0,0,0,0,0,0,1,0,[5092.]
c:1504,c:1771,100000000,0,0,0,0,0,0,1,1,0,0,[5113.]
c:1735,c:1834,61000000,0,0,0,0,0,0,1,1,0,0,[5116.]
c:351,c:13011,80000000,0,0,0,0,0,0,1,0,0,1,[5121.]
c:351,c:10771,320000000,0,0,0,0,0,0,1,0,0,1,[5121.]
c:6676,c:26774,53000000,0,0,0,0,0,0,1,1,0,0,[5125.]
c:20972,c:14861,190000000,0,0,0,0,0,0,1,1,0,0,[5130.]
c:20442,c:7054,34000000,0,0,0,0,0,0,1,0,0,0,[5130.]
c:2506,c:52258,55000000,0,0,0,0,0,0,1,0,0,0,[5137.]
c:29,c:2149,160000000,0,0,0,0,0,0,1,0,0,0,[5143.]
c:317,c:7293,300000000,0,0,0,0,0,0,1,1,0,0,[5143.]
c:29,c:3963,40000000,0,0,0,0,0,0,1,0,0,0,[5147.]
c:10453,c:6428,85000000,0,0,0,0,0,0,1,1,0,0,[5150.]
c:32983,c:32981,23650000,0,0,0,0,0,0,1,0,0,0,[5155.]
c:5622,c:57298,38000000,0,0,0,0,0,0,1,0,0,0,[5179.]
c:1360,c:24598,8000000,0,0,0,0,0,0,1,1,0,0,[5184.]
c:7872,c:268863,11,0,0,0,0,0,0,1,0,0,0,[5205.]
c:1611,c:28793,80000000,0,0,0,0,0,0,1,1,0,0,[5211.]
c:257251,c:257278,925000,0,1,0,0,0,0,0,0,1,0,[5218.]
c:26266,c:67264,525000000,0,0,0,0,0,0,1,1,0,0,[5233.]
c:24879,c:25670,90000000,0,0,0,0,0,0,1,0,0,0,[5233.]
c:874,c:54222,100000000,0,0,0,0,0,0,1,0,0,0,[5234.]
c:29631,c:51105,15470000,0,0,0,1,0,0,0,0,0,0,[5240.]
c:1972,c:140897,12000000,0,0,0,0,0,0,1,0,0,0,[5242.]
c:26627,c:26628,425000000,0,0,0,0,0,0,1,0,0,0,[5246.]
c:15299,c:21660,120000000,0,0,0,0,0,0,1,0,0,0,[5254.]
c:59,c:6838,125000000,0,0,0,0,0,0,1,1,0,0,[5266.]
c:24879,c:24877,251000000,0,0,0,0,0,0,1,0,0,1,[5266.]
c:62791,c:38688,47500000,0,0,0,0,0,0,1,1,0,0,[5268.]
c:1972,c:12178,2500000000,0,0,0,0,0,0,1,0,0,0,[5268.]
c:59413,c:58803,5500000,0,0,0,0,0,0,1,1,0,0,[5274.]
c:3524,c:50727,100000000,0,0,0,0,0,0,1,0,0,0,[5277.]
c:22008,c:28331,17500000,0,0,1,0,0,0,0,1,0,0,[5279.]
c:31522,c:2037,3500000,0,0,0,0,0,0,1,1,0,0,[5282.]
c:24869,c:149089,14400000,0,0,0,0,0,0,1,0,1,0,[5296.]
c:56633,c:236453,692000000,0,0,0,0,0,0,1,0,0,0,[5304.]
c:31710,c:31709,585890000,0,0,0,0,0,0,1,0,0,0,[5309.]
c:5990,c:39521,1260000000,0,0,0,0,0,0,1,0,0,0,[5317.]
c:1735,c:13168,72500000,0,0,0,0,0,0,1,0,0,0,[5325.]
c:351,c:11313,1100000000,0,0,0,0,0,0,1,0,0,1,[5325.]
c:601,c:39029,10000000,0,0,0,0,0,0,1,1,0,0,[5325.]
c:28772,c:28770,1960000,0,0,0,0,0,0,1,0,0,0,[5326.]
c:22312,c:593,560800000,0,0,0,0,0,0,1,0,0,0,[5327.]
c:26944,c:13854,20700000,0,0,0,0,0,0,1,0,0,0,[5327.]
c:3132,c:37215,18500000,0,0,0,0,0,0,1,0,0,0,[5329.]
c:838,c:69336,39100000,0,0,0,0,0,0,1,1,0,0,[5339.]
c:62791,c:27285,82000000,0,0,0,0,0,0,1,0,0,0,[5347.]
c:55091,c:51314,25300000,0,0,0,0,0,0,1,0,0,0,[5351.]
c:36871,c:95,50000000,0,0,0,0,0,0,1,0,0,0,[5368.]
c:264962,c:264964,50000000,0,0,1,0,0,0,0,0,0,0,[5372.]
c:265614,c:259682,115000000,0,0,0,0,0,0,1,0,0,0,[5374.]
c:265611,c:102849,96000000,0,0,0,0,0,0,1,0,0,0,[5374.]
c:266646,c:266640,15000000,0,0,0,0,0,0,1,0,0,0,[5379.]
c:16591,c:32783,60600000,0,0,0,0,0,0,1,1,0,0,[5381.]
c:59840,c:143700,73000000,0,0,0,0,0,0,1,0,0,0,[5381.]
c:8750,c:26490,152000000,0,0,0,0,0,0,1,1,0,0,[5382.]
c:838,c:37769,315000000,0,0,0,0,0,0,1,1,0,0,[5387.]
c:59,c:32475,1100000000,0,0,0,0,0,0,1,0,0,0,[5391.]
c:1735,c:12626,174000000,0,0,0,0,0,0,1,0,0,0,[5393.]
c:15299,c:149918,103000000,0,0,0,0,0,0,1,0,0,0,[5393.]
c:333,c:46943,800000000,0,0,0,0,0,0,1,1,0,0,[5413.]
c:29426,c:29427,22010000,0,0,0,0,0,0,1,0,0,0,[5414.]
c:8750,c:15598,95000000,0,0,0,0,0,0,1,1,0,0,[5417.]
c:1444,c:1409,20000000,0,0,0,0,0,0,1,0,0,0,[5417.]
c:14904,c:9306,21700000,0,0,0,0,0,0,1,1,0,0,[5422.]
c:1727,c:33640,160000000,0,0,0,0,0,0,1,1,0,0,[5425.]
c:249283,c:281532,90000000,0,0,0,0,0,0,1,0,0,0,[5439.]
c:601,c:226030,11000000,0,0,0,0,0,0,1,0,1,0,[5461.]
c:39451,c:44170,3750000,0,0,0,0,0,0,1,1,0,0,[5471.]
c:246335,c:257652,18000,0,0,0,0,0,0,1,1,0,0,[5479.]
c:246335,c:257651,19000,0,0,0,0,0,0,1,1,0,0,[5479.]
c:246335,c:257653,19800,0,0,0,0,0,0,1,1,0,0,[5481.]
c:66687,c:66684,48500000,0,0,0,0,0,0,1,1,0,0,[5497.]
c:2584,c:40271,8000000,0,0,0,0,0,0,1,1,0,0,[5498.]
c:7416,c:1789,3000000,0,0,0,0,0,0,1,0,0,0,[5502.]
c:59,c:153097,40000000,0,0,0,0,0,0,1,0,0,0,[5504.]
c:59,c:273639,23000000,0,0,0,0,0,0,1,0,0,0,[5522.]
c:283612,c:150432,25000000,1,0,0,0,0,0,0,0,0,0,[5538.]
c:1504,c:1194,9500000,0,0,0,0,0,0,1,1,0,0,[5553.]
c:20,c:22203,75000000,0,0,0,0,0,0,1,0,0,0,[5571.]
c:609,c:45364,1575000,0,0,0,0,0,0,1,0,0,0,[5575.]
c:20,c:8112,200000000,0,0,0,0,0,0,1,1,0,0,[5589.]
c:424,c:5700,370000000,0,0,0,0,0,0,1,1,0,0,[5602.]
c:26738,c:27163,22000000,0,0,0,0,0,0,1,0,0,0,[5611.]
c:3136,c:26506,180000000,0,0,0,0,0,0,1,0,0,0,[5618.]
c:30883,c:48632,121000000,0,0,0,0,0,0,1,0,0,0,[5626.]
c:1008,c:78020,2200000,0,0,0,0,0,0,1,0,0,0,[5634.]
c:26805,c:26804,19000000,0,0,0,0,0,0,1,0,0,0,[5644.]
c:26797,c:1967,160000000,0,0,0,0,0,0,1,0,0,0,[5661.]
c:25809,c:25811,22900000,0,0,0,0,0,0,1,0,0,0,[5664.]
c:2334,c:26573,20000000,0,0,0,0,0,0,1,1,0,0,[5676.]
c:317,c:508,1200000000,0,0,0,0,0,0,1,0,0,1,[5681.]
c:29,c:3770,20000000,0,0,0,0,0,0,1,1,0,0,[5682.]
c:851,c:2270,125000000,0,0,0,0,0,0,1,0,0,1,[5687.]
c:20,c:2275,135000000,0,0,0,0,0,0,1,0,0,0,[5691.]
c:20,c:30954,215000000,0,0,0,0,0,0,1,1,0,0,[5702.]
c:28,c:42262,7400000000,0,0,0,0,0,0,1,0,0,1,[5716.]
c:5040,c:61326,13000000,0,0,1,0,0,0,0,0,0,0,[5717.]
c:259443,c:58141,35000000,0,0,0,0,0,0,1,0,0,0,[5718.]
c:42930,c:64829,12000000,0,0,0,0,0,0,1,0,1,0,[5722.]
c:10453,c:28243,42140000,0,0,0,0,0,0,1,0,0,0,[5726.]
c:265622,c:265625,273000000,0,0,0,0,0,0,1,0,0,0,[5739.]
c:10453,c:6811,14900000,0,0,0,0,0,0,1,1,0,0,[5744.]
c:46181,c:185341,644000000,0,0,0,0,0,0,1,0,0,0,[5745.]
c:27380,c:27378,4950000,0,0,0,0,0,0,1,0,0,0,[5748.]
c:29371,c:51342,43000000,0,0,0,0,0,0,1,0,1,0,[5753.]
c:20,c:3502,180000000,0,0,0,0,0,0,1,0,0,0,[5757.]
c:14904,c:12539,650000000,0,0,0,0,0,0,1,1,0,0,[5762.]
c:24869,c:56728,21500000,0,0,0,0,0,0,1,0,0,0,[5765.]
c:20,c:28712,2400000000,0,0,0,0,0,0,1,0,0,0,[5771.]
c:274044,c:274045,280000000,0,0,0,0,0,0,1,0,0,0,[5774.]
c:1611,c:7193,50000000,0,0,0,0,0,0,1,1,0,0,[5786.]
c:20,c:3949,240000000,0,0,0,0,0,0,1,1,0,0,[5788.]
c:1360,c:34951,287500000,0,0,0,0,0,0,1,1,0,0,[5792.]
c:212,c:45441,79000000,0,0,0,0,0,0,1,1,0,0,[5801.]
c:6478,c:44693,17000000,0,0,0,0,0,0,1,0,0,0,[5817.]
c:37796,c:63660,20000000,0,0,0,0,0,0,1,0,1,0,[5821.]
c:672,c:285961,16140150,0,0,0,0,0,0,1,0,0,0,[5823.]
c:351,c:12956,28200000,0,0,0,0,0,0,1,0,0,0,[5839.]
c:1727,c:1726,120000000,0,0,0,0,0,0,1,1,0,0,[5844.]
c:212,c:26851,1059000000,0,0,0,0,0,0,1,1,0,0,[5844.]
c:16077,c:12190,30000000,0,0,0,0,0,0,1,1,0,0,[5846.]
c:39451,c:44901,9000000,0,0,0,0,0,0,1,1,0,0,[5846.]
c:65982,c:65981,3150000,0,0,0,0,0,0,1,0,1,0,[5846.]
c:7815,c:52982,2400000,0,0,0,0,0,0,1,0,0,0,[5856.]
c:26940,c:33795,126000000,0,0,0,0,0,0,1,1,0,0,[5858.]
c:8750,c:147546,80000000,0,0,0,0,0,0,1,1,0,0,[5860.]
c:1735,c:11716,225000000,0,0,0,0,0,0,1,1,0,0,[5877.]
c:27810,c:52590,14800000,0,0,0,0,0,0,1,0,0,0,[5878.]
c:3169,c:163905,2500000,0,0,0,0,0,0,1,0,1,0,[5885.]
c:29,c:2410,164000000,0,0,0,0,0,0,1,1,0,0,[5900.]
c:20,c:9050,80000000,0,0,0,0,0,0,1,0,0,0,[5925.]
c:31258,c:31257,32450000,0,0,0,0,0,0,1,0,0,0,[5931.]
c:246335,c:258012,23000,0,0,0,0,0,0,1,1,0,0,[5945.]
c:15297,c:4014,25500000,0,0,0,0,0,0,1,0,1,0,[5947.]
c:17124,c:17887,35000000,0,0,0,0,0,0,1,1,0,0,[5966.]
c:36845,c:14477,10000000,0,0,0,0,0,0,1,0,0,0,[5968.]
c:50906,c:36648,525000000,0,0,0,0,0,0,1,0,0,0,[5975.]
c:18134,c:18133,25000000,0,0,0,0,0,0,1,0,0,0,[5977.]
c:29,c:336,90000000,0,0,0,0,0,0,1,1,0,0,[5981.]
c:32482,c:9811,75000000,0,0,0,0,0,0,1,0,0,0,[5981.]
c:26477,c:21378,72000000,0,0,0,0,0,0,1,0,0,0,[5985.]
c:1385,c:195881,300000000,0,0,0,0,0,0,1,1,0,0,[5997.]
c:29556,c:50983,58000000,0,0,0,0,0,0,1,0,0,0,[6003.]
c:162800,c:162799,800000,0,0,0,1,0,0,0,1,0,0,[6008.]
c:317,c:1782,110000000,0,0,0,0,0,0,1,1,0,0,[6024.]
c:838,c:63505,200000000,0,0,0,0,0,0,1,0,0,0,[6050.]
c:16675,c:11888,31000000,0,0,0,0,0,0,1,0,0,0,[6051.]
c:29580,c:83701,4500000,0,0,0,0,0,0,1,1,0,0,[6053.]
c:52337,c:150080,250000000,0,0,0,0,0,0,1,0,0,0,[6055.]
c:5473,c:30537,204260000,0,0,0,0,0,0,1,0,0,0,[6069.]
c:17218,c:26744,300000000,0,0,0,0,0,0,1,0,1,0,[6071.]
c:3169,c:90087,70000000,0,0,0,0,0,0,1,0,1,0,[6074.]
c:29580,c:2156,74400000,0,0,0,0,0,0,1,0,1,0,[6077.]
c:259418,c:259417,225000000,0,0,0,0,0,0,1,0,0,0,[6083.]
c:27081,c:28564,773000,0,0,0,0,0,0,1,0,0,0,[6084.]
c:12422,c:35375,110000000,0,0,0,0,0,0,1,0,0,1,[6097.]
c:28498,c:28497,72700000,0,0,0,0,0,0,1,0,0,0,[6109.]
c:48911,c:48902,8000000,0,0,1,0,0,0,0,0,1,0,[6118.]
c:34527,c:37426,5000000,0,0,0,0,0,0,1,0,0,0,[6119.]
c:7563,c:52047,136000000,0,0,0,0,0,0,1,0,0,0,[6120.]
c:29,c:1541,55000000,0,0,0,0,0,0,1,0,0,0,[6121.]
c:14008,c:28680,3600000,0,0,0,0,0,0,1,0,0,0,[6122.]
c:8736,c:88488,90000000,0,0,0,0,0,0,1,0,1,0,[6126.]
c:19308,c:56460,65000000,0,0,1,0,0,0,0,1,0,0,[6140.]
c:26797,c:275459,190000000,0,0,0,0,0,0,1,1,0,0,[6145.]
c:273012,c:32390,1600000000,0,0,0,0,0,0,1,0,1,0,[6152.]
c:22767,c:22764,34300000,0,0,0,0,0,0,1,1,0,0,[6153.]
c:317,c:49052,545000000,0,0,0,0,0,0,1,0,1,0,[6155.]
c:59653,c:3484,28000000,0,0,0,0,0,0,1,0,0,0,[6158.]
c:14008,c:30529,139150000,0,0,0,0,0,0,1,0,0,0,[6177.]
c:36983,c:37174,35500000,0,0,0,0,0,0,1,0,0,0,[6185.]
c:19308,c:857,117500000,0,0,0,0,0,0,1,0,1,0,[6196.]
c:1878,c:1877,10000000,0,0,0,0,0,0,1,1,0,0,[6209.]
c:39361,c:37235,12000000,0,0,0,0,0,0,1,1,0,0,[6215.]
c:350,c:5638,300000000,0,0,0,0,0,0,1,1,0,0,[6236.]
c:246335,c:257963,12900,0,0,0,0,0,0,1,1,0,0,[6247.]
c:246335,c:257667,22879,0,0,0,0,0,0,1,0,1,0,[6253.]
c:246335,c:257666,23987,0,0,0,0,0,0,1,0,1,0,[6285.]
c:26940,c:26939,18000000,0,0,0,0,0,0,1,1,0,0,[6315.]
c:29,c:22212,30000000,0,0,0,0,0,0,1,0,0,0,[6329.]
c:246335,c:257668,34567,0,0,0,0,0,0,1,0,1,0,[6346.]
c:1360,c:145111,180000000,0,0,0,0,0,0,1,0,0,0,[6362.]
c:26477,c:44165,170000000,0,0,0,0,0,0,1,0,1,0,[6367.]
c:18871,c:767,120000000,0,0,0,0,0,0,1,0,1,0,[6374.]
c:19665,c:26756,14700000,0,0,0,0,0,0,1,0,0,0,[6388.]
c:10453,c:51020,205000000,0,0,0,0,0,0,1,0,0,0,[6394.]
c:10453,c:22505,145000000,0,0,0,0,0,0,1,0,0,0,[6394.]
c:8608,c:8609,80000000,0,0,0,0,0,0,1,1,0,0,[6408.]
c:27810,c:2902,56500000,0,0,0,0,0,0,1,0,0,0,[6408.]
c:29580,c:9036,9500000,0,0,0,0,0,0,1,0,1,0,[6413.]
c:38689,c:1365,500000000,0,0,0,0,0,0,1,0,1,0,[6414.]
c:14008,c:5103,310000000,0,0,0,0,0,0,1,0,1,0,[6422.]
c:40670,c:179262,8000000,0,0,0,0,0,0,1,0,1,0,[6453.]
c:12712,c:74363,180000000,0,0,0,0,0,0,1,0,0,0,[6464.]
c:29411,c:29412,16220000,0,0,0,0,0,0,1,0,0,0,[6488.]
c:31710,c:140160,164000000,0,0,0,0,0,0,1,0,1,0,[6508.]
c:16077,c:10253,145000000,0,0,0,0,0,0,1,0,0,0,[6512.]
c:29,c:37881,270000000,0,0,0,0,0,0,1,0,0,0,[6513.]
c:14904,c:84,119000000,0,0,0,0,0,0,1,1,0,0,[6513.]
c:18871,c:78466,23000000,0,0,0,0,0,0,1,0,0,0,[6519.]
c:42816,c:52406,150000000,0,0,0,0,0,0,1,0,0,0,[6527.]
c:32373,c:40210,29000000,0,0,0,0,0,0,1,0,0,0,[6529.]
c:37662,c:37663,92500000,0,0,0,0,0,0,1,1,0,0,[6557.]
c:10475,c:30967,215000000,0,0,0,0,0,0,1,0,0,1,[6560.]
c:13450,c:38638,505000000,0,0,0,0,0,0,1,1,0,0,[6566.]
c:5473,c:32,102000000,0,0,0,0,0,0,1,0,1,0,[6573.]
c:39064,c:39065,27000000,0,0,0,0,0,0,1,0,1,0,[6574.]
c:39190,c:39191,15000000,0,0,0,0,0,0,1,1,0,0,[6579.]
c:27154,c:27153,23200000,0,0,0,0,0,0,1,0,0,0,[6604.]
c:26270,c:26269,7500000,0,0,0,0,0,0,1,1,0,0,[6608.]
c:2584,c:5936,155000000,0,0,0,0,0,0,1,0,0,0,[6619.]
c:317,c:12052,775000000,0,0,0,0,0,0,1,1,0,0,[6652.]
c:177838,c:16393,1000000000,0,0,0,0,0,0,1,1,0,0,[6665.]
c:246335,c:257665,19600,0,0,0,0,0,0,1,0,1,0,[6669.]
c:246335,c:258013,12000,0,0,0,0,0,0,1,1,0,0,[6683.]
c:4687,c:51265,10800000,0,0,0,0,0,0,1,0,0,0,[6684.]
c:5208,c:24295,367000000,0,0,0,0,0,0,1,1,0,0,[6702.]
c:33463,c:33460,47350000,0,0,0,0,0,0,1,0,0,0,[6707.]
c:2782,c:8856,20000000,0,0,0,0,0,0,1,0,0,0,[6714.]
c:14008,c:15436,34000000,0,0,0,0,0,0,1,0,0,0,[6714.]
c:317,c:4460,2500000,0,0,0,0,0,0,1,0,1,0,[6740.]
c:19665,c:51893,42500000,0,0,0,0,0,0,1,1,0,0,[6770.]
c:16591,c:75696,225000000,0,0,0,0,0,0,1,0,0,0,[6771.]
c:14008,c:51260,11000000,0,1,0,0,0,0,0,0,0,0,[6777.]
c:31060,c:31059,564960000,0,0,0,0,0,0,1,0,0,0,[6780.]
c:845,c:243642,15600000,0,0,0,0,0,0,1,0,0,0,[6786.]
c:26339,c:84187,2500000,0,0,0,0,0,0,1,0,0,0,[6787.]
c:4209,c:169898,6300000,0,0,0,0,0,0,1,0,0,0,[6788.]
c:28672,c:28671,11310000,0,0,0,0,0,0,1,0,0,0,[6814.]
c:10475,c:25525,400000000,0,0,0,0,0,0,1,0,0,0,[6820.]
c:40670,c:40643,43000000,0,0,0,0,0,0,1,0,0,0,[6820.]
c:29411,c:32633,43000000,0,0,0,0,0,0,1,0,0,0,[6825.]
c:10475,c:31964,410000000,0,0,0,0,0,0,1,0,0,0,[6828.]
c:32494,c:32492,130000000,0,0,0,0,0,0,1,0,0,0,[6839.]
c:10475,c:31960,6600000000,0,0,0,0,0,0,1,0,0,0,[6845.]
c:38729,c:17567,2500000,0,0,0,0,0,0,1,1,0,0,[6847.]
c:59155,c:173167,468400000,0,0,0,0,0,0,1,1,0,0,[6848.]
c:5891,c:199260,546000000,0,0,0,0,0,0,1,0,0,0,[6888.]
c:17124,c:17431,178000000,0,0,0,0,0,0,1,1,0,0,[6908.]
c:16591,c:209849,1100000000,0,0,0,0,0,0,1,0,0,0,[6918.]
c:13107,c:38468,18000000,0,0,0,0,0,0,1,0,1,0,[6930.]
c:38640,c:38641,171900000,0,0,0,0,0,0,1,0,0,0,[6931.]
c:1878,c:9513,17000000,0,0,0,0,0,0,1,1,0,0,[6951.]
c:1727,c:37929,60000000,0,0,0,0,0,0,1,1,0,0,[6951.]
c:29,c:142004,10000000,0,0,0,0,0,0,1,0,1,0,[6961.]
c:4733,c:129,168000000,0,0,0,0,0,0,1,0,0,0,[6992.]
c:4687,c:45233,25000000,0,0,0,0,0,0,1,1,0,0,[6994.]
c:17124,c:35887,123000000,0,0,0,0,0,0,1,1,0,0,[7006.]
c:10475,c:43526,450000000,0,0,0,0,0,0,1,0,0,0,[7007.]
c:351,c:599,435000000,0,0,0,0,0,0,1,1,0,0,[7009.]
c:13010,c:60222,289500000,0,0,0,0,0,0,1,0,1,0,[7009.]
c:1242,c:10170,100000000,0,0,0,0,0,0,1,0,0,0,[7017.]
c:29,c:144457,30000000,0,0,0,0,0,0,1,0,0,0,[7023.]
c:317,c:1612,150000000,0,0,0,0,0,0,1,0,0,0,[7027.]
c:5473,c:22796,157000000,0,0,0,0,0,0,1,1,0,0,[7069.]
c:227,c:228,7140000,0,0,0,0,0,0,1,0,0,0,[7078.]
c:29,c:1088,1100000000,0,0,0,0,0,0,1,0,0,0,[7079.]
c:13529,c:25712,50000000,0,0,0,0,0,0,1,0,1,0,[7091.]
c:29,c:56989,50000000,0,0,0,0,0,0,1,0,0,0,[7122.]
c:29,c:886,48000000,0,0,0,0,0,0,1,0,0,0,[7128.]
c:28620,c:28619,5150000,0,0,0,0,0,0,1,0,0,0,[7151.]
c:29,c:29618,65000000,0,0,0,0,0,0,1,0,0,0,[7152.]
c:53942,c:220985,1390000000,0,0,0,0,0,0,1,0,0,0,[7162.]
c:28759,c:28758,2220000,0,0,0,0,0,0,1,0,0,0,[7163.]
c:247865,c:247861,512000000,0,0,0,0,0,0,1,0,0,0,[7165.]
c:246335,c:257669,98567,0,0,0,0,0,0,1,0,1,0,[7168.]
c:30553,c:30552,345130000,0,0,0,0,0,0,1,0,0,0,[7175.]
c:17124,c:26556,316000000,0,0,0,0,0,0,1,0,0,0,[7225.]
c:31433,c:31432,42000000,0,0,0,0,0,0,1,0,0,0,[7239.]
c:19410,c:35007,130000000,0,0,0,0,0,0,1,0,0,0,[7242.]
c:20712,c:30046,9400000,0,0,0,0,0,0,1,0,1,0,[7253.]
c:17218,c:29786,26600000,0,0,0,0,0,0,1,0,0,0,[7261.]
c:17124,c:17527,75000000,0,0,0,0,0,0,1,0,0,0,[7265.]
c:37662,c:139713,453000000,0,0,0,0,0,0,1,1,0,0,[7285.]
c:14900,c:37686,26000000,0,0,0,0,0,0,1,0,0,0,[7287.]
c:33859,c:55141,46000000,0,0,0,0,0,0,1,0,1,0,[7289.]
c:29311,c:29313,66480000,0,0,0,0,0,0,1,1,0,0,[7296.]
c:246335,c:257918,21345,0,0,0,0,0,0,1,1,0,0,[7305.]
c:246335,c:257919,21345,0,0,0,0,0,0,1,1,0,0,[7313.]
c:39172,c:146951,160000000,0,0,0,0,0,0,1,0,1,0,[7317.]
c:3754,c:4636,4750000,0,0,0,0,0,0,1,0,0,1,[7326.]
c:32165,c:32167,215000000,0,0,0,0,0,0,1,0,0,0,[7361.]
c:4687,c:106,169000000,0,0,0,0,0,0,1,0,1,0,[7363.]
c:14236,c:17847,350000000,0,0,0,0,0,0,1,1,0,0,[7363.]
c:5473,c:32496,300000000,0,0,0,0,0,0,1,1,0,0,[7371.]
c:351,c:1921,30000000,0,0,0,0,0,0,1,0,0,0,[7377.]
c:17124,c:16189,313000000,0,0,0,0,0,0,1,0,0,0,[7384.]
c:15793,c:73269,55000000,0,0,0,0,0,0,1,0,1,0,[7401.]
c:246335,c:257917,12567,0,0,0,0,0,0,1,1,0,0,[7408.]
c:25775,c:51162,22000000,0,0,0,0,0,0,1,0,0,1,[7423.]
c:622,c:24172,372000000,0,0,0,0,0,0,1,0,1,0,[7425.]
c:24888,c:23978,185000000,0,0,0,0,0,0,1,0,0,0,[7439.]
c:46298,c:48522,280000000,0,0,0,0,0,0,1,1,0,0,[7448.]
c:246335,c:257984,10000,0,0,0,0,0,0,1,1,0,0,[7450.]
c:227620,c:227622,5200000,0,0,0,0,0,0,1,0,0,0,[7457.]
c:28336,c:28335,24750000,0,0,0,0,0,0,1,0,0,1,[7495.]
c:3320,c:62012,135000000,0,0,0,0,0,0,1,1,0,0,[7517.]
c:244974,c:244981,60000000,0,0,0,0,0,0,1,0,0,0,[7521.]
c:17124,c:24879,3700000000,0,0,0,0,0,0,1,0,1,0,[7559.]
c:5473,c:35996,22500000,0,0,0,0,0,0,1,0,0,1,[7566.]
c:31060,c:57654,60000000,0,0,0,0,0,0,1,0,1,0,[7574.]
c:156814,c:156813,6830000,0,0,0,1,0,0,0,0,1,0,[7577.]
c:593,c:64887,23000000,0,0,0,0,0,0,1,0,0,0,[7609.]
c:227620,c:281981,12500000,0,0,0,0,0,0,1,0,0,0,[7633.]
c:14236,c:7946,46000000,0,0,0,0,0,0,1,0,0,0,[7633.]
c:37580,c:37587,307000000,0,0,0,0,0,0,1,0,0,0,[7646.]
c:227620,c:286176,52400000,0,0,0,0,0,0,1,1,0,0,[7650.]
c:13112,c:38254,93300000,0,0,0,0,0,0,1,1,0,0,[7659.]
c:323,c:26732,56000000,0,0,0,0,0,0,1,1,0,0,[7674.]
c:27322,c:31102,57000000,0,0,0,0,0,0,1,0,0,0,[7679.]
c:246335,c:258069,1299,0,0,0,0,0,0,1,1,0,0,[7681.]
c:14236,c:28768,2000000,0,0,0,0,0,0,1,0,0,0,[7688.]
c:40422,c:40423,27000000,0,0,0,0,0,0,1,0,0,0,[7689.]
c:14236,c:18058,465000000,0,0,0,0,0,0,1,0,0,0,[7709.]
c:102577,c:102575,1100000,0,0,0,0,0,0,1,0,1,0,[7711.]
c:246335,c:258020,10000,0,0,0,0,0,0,1,1,0,0,[7712.]
c:17124,c:48716,3700000000,0,0,0,0,0,0,1,0,0,0,[7717.]
c:30553,c:17863,1200000000,0,0,0,0,0,0,1,0,0,1,[7733.]
c:32494,c:40423,270000000,0,0,0,0,0,0,1,0,0,0,[7735.]
c:246335,c:257964,2500,0,0,0,0,0,0,1,1,0,0,[7738.]
c:246335,c:258066,5000,0,0,0,0,0,0,1,1,0,0,[7739.]
c:17124,c:16874,230000000,0,0,0,0,0,0,1,0,0,0,[7750.]
c:351,c:366,40000000,0,0,0,0,0,0,1,0,1,0,[7752.]
c:28,c:26710,450000000,0,0,0,0,0,0,1,0,0,1,[7752.]
c:246335,c:258038,2500,0,0,0,0,0,0,1,1,0,0,[7777.]
c:13228,c:1224,15500000,0,0,0,0,0,0,1,0,1,0,[7784.]
c:4804,c:522,6000000,0,0,0,0,0,0,1,0,0,0,[7789.]
c:24,c:132,280000000,0,0,0,0,0,0,1,1,0,0,[7790.]
c:24,c:347,5000000,0,0,0,0,0,0,1,1,0,0,[7790.]
c:26914,c:26913,6030000,0,0,0,0,0,0,1,0,0,0,[7792.]
c:13450,c:44876,443000000,0,0,0,0,0,0,1,0,0,0,[7819.]
c:25775,c:25771,51000000,0,0,0,0,0,0,1,0,0,0,[7822.]
c:14900,c:78633,342500000,0,0,0,0,0,0,1,0,1,0,[7826.]
c:13450,c:25737,1150000000,0,0,0,0,0,0,1,0,0,0,[7831.]
c:31716,c:31715,300000000,0,0,0,0,0,0,1,0,0,0,[7837.]
c:3167,c:382,160000000,0,0,0,0,0,0,1,1,0,0,[7841.]
c:32542,c:16157,34200000,0,0,0,0,0,0,1,0,0,0,[7854.]
c:5548,c:2195,1100000000,0,0,0,0,0,0,1,1,0,0,[7864.]
c:27488,c:27487,38750000,0,0,0,0,0,0,1,1,0,0,[7866.]
c:28279,c:241520,22500000,0,0,0,0,0,0,1,0,0,0,[7876.]
c:37662,c:68182,535000000,0,0,0,0,0,0,1,0,0,0,[7881.]
c:37662,c:212510,707000000,0,0,0,0,0,0,1,0,0,0,[7881.]
c:26050,c:12192,1740000000,0,0,0,0,0,0,1,0,0,0,[7882.]
c:28387,c:28386,21650000,0,0,0,0,0,0,1,0,0,0,[7886.]
c:30435,c:30434,52000000,0,0,0,0,0,0,1,0,0,0,[7902.]
c:13450,c:46255,500000000,0,0,0,0,0,0,1,0,0,0,[7908.]
c:67413,c:102498,26000000,0,0,0,1,0,0,0,1,0,0,[7920.]
c:22932,c:57747,350000000,0,0,0,0,0,0,1,1,0,0,[7932.]
c:31441,c:31437,72510000,0,0,0,0,0,0,1,0,0,0,[7937.]
c:24,c:1059,20000000,0,0,0,0,0,0,1,1,0,0,[7943.]
c:32542,c:34063,33000000,0,0,0,0,0,0,1,0,1,0,[7944.]
c:14236,c:42668,47000000,0,0,0,0,0,0,1,1,0,0,[7945.]
c:29208,c:29210,42380000,0,0,0,0,0,0,1,0,0,0,[7957.]
c:13450,c:218593,440000000,0,0,0,0,0,0,1,0,0,0,[7958.]
c:16617,c:16616,10000000,0,0,0,0,0,0,1,0,0,0,[7965.]
c:35825,c:35824,493000000,0,0,0,0,0,0,1,0,0,0,[7979.]
c:14008,c:41358,33000000,0,0,0,0,0,0,1,0,0,0,[7985.]
c:16896,c:281376,21000000,0,0,0,0,0,0,1,0,0,0,[7995.]
c:14236,c:12285,140000000,0,0,0,0,0,0,1,1,0,0,[8021.]
c:38038,c:38039,33000000,0,0,0,0,0,0,1,0,0,1,[8022.]
c:246335,c:258027,21000,0,0,0,0,0,0,1,1,0,0,[8049.]
c:14008,c:60338,1170000000,0,0,0,0,0,0,1,0,1,0,[8066.]
c:14900,c:26553,35000000,0,0,0,0,0,0,1,1,0,0,[8071.]
c:246335,c:257957,12765,0,0,0,0,0,0,1,1,0,0,[8075.]
c:29411,c:189866,13500000,0,0,0,0,0,0,1,1,0,0,[8095.]
c:25,c:2332,10000000000,0,0,0,0,0,0,1,0,1,0,[8095.]
c:351,c:648,275000000,0,0,0,0,0,0,1,1,0,0,[8096.]
c:31446,c:72453,48000000,0,0,0,0,0,0,1,0,0,0,[8123.]
c:29030,c:50973,72000000,0,0,0,0,0,0,1,0,0,0,[8130.]
c:1354,c:1353,250000000,0,0,0,0,0,0,1,1,0,0,[8141.]
c:26953,c:26952,28000000,0,0,0,0,0,0,1,0,0,0,[8157.]
c:3320,c:26330,370000000,0,0,0,0,0,0,1,1,0,0,[8159.]
c:47461,c:47462,1000000000,0,0,0,0,0,0,1,0,0,0,[8160.]
c:246335,c:257962,10000,0,0,0,0,0,0,1,1,0,0,[8164.]
c:21241,c:210611,136000000,0,0,0,0,0,0,1,0,0,0,[8169.]
c:24,c:1444,1800000000,0,0,0,0,0,0,1,1,0,0,[8170.]
c:246335,c:257949,23432,0,0,0,0,0,0,1,1,0,0,[8172.]
c:39178,c:26460,60000000,0,0,0,0,0,0,1,0,0,0,[8177.]
c:23339,c:32128,420000000,0,0,0,0,0,0,1,1,0,0,[8190.]
c:12103,c:31965,105000000,0,0,0,0,0,0,1,0,0,0,[8198.]
c:34674,c:50126,72000000,0,0,0,0,0,0,1,0,0,0,[8199.]
c:246335,c:258039,2500,0,0,0,0,0,0,1,1,0,0,[8200.]
c:351,c:1214,363000000,0,0,0,0,0,0,1,1,0,0,[8202.]
c:50976,c:50977,71700000,0,0,0,0,0,0,1,0,0,0,[8204.]
c:28,c:22291,28000000,0,0,0,0,0,0,1,1,0,0,[8214.]
c:28859,c:28858,1250000,0,0,0,0,0,0,1,0,0,0,[8214.]
c:3320,c:10421,28000000,0,0,0,0,0,0,1,1,0,0,[8217.]
c:31875,c:31874,135430000,0,0,0,0,0,0,1,0,0,0,[8217.]
c:64747,c:42223,350000000,0,0,0,0,0,0,1,1,0,0,[8218.]
c:223792,c:220208,26000000000,0,0,0,0,0,0,1,0,0,0,[8218.]
c:246335,c:257920,12654,0,0,0,0,0,0,1,1,0,0,[8224.]
c:18058,c:18057,273600000,0,0,0,0,0,0,1,0,1,0,[8228.]
c:10475,c:27142,400000000,0,0,0,0,0,0,1,0,0,0,[8231.]
c:10475,c:58646,310000000,0,0,0,0,0,0,1,1,0,0,[8231.]
c:29411,c:2953,47500000,0,0,0,0,0,0,1,0,0,0,[8247.]
c:3167,c:533,200000000,0,0,0,0,0,0,1,0,0,0,[8248.]
c:67716,c:45126,3000000000,0,0,0,0,0,0,1,1,0,0,[8261.]
c:29567,c:238128,50000000,0,0,0,0,0,0,1,0,0,0,[8279.]
c:276633,c:44529,1750000000,0,0,0,0,0,0,1,0,0,0,[8281.]
c:351,c:3257,125000000,0,0,0,0,0,0,1,1,0,0,[8288.]
c:7120,c:29583,74000000,0,0,0,0,0,0,1,0,0,0,[8295.]
c:28417,c:28416,17760000,0,0,0,0,0,0,1,0,0,0,[8308.]
c:13228,c:20672,1400000,0,0,0,0,0,0,1,1,0,0,[8315.]
c:12185,c:32165,6200000000,0,0,0,0,0,0,1,0,1,0,[8329.]
c:351,c:142,850000000,0,0,0,0,0,0,1,1,0,0,[8329.]
c:351,c:105,25000000,0,0,0,0,0,0,1,0,0,0,[8348.]
c:28848,c:28847,270000,0,0,0,0,0,0,1,0,0,0,[8349.]
c:323,c:17660,210000000,0,0,0,0,0,0,1,1,0,0,[8352.]
c:283,c:3864,3400000000,0,0,0,0,0,0,1,0,0,1,[8403.]
c:28,c:6012,830000000,0,0,0,0,0,0,1,0,1,0,[8404.]
c:246335,c:258026,1659,0,0,0,0,0,0,1,1,0,0,[8437.]
c:246335,c:258050,1200,0,0,0,0,0,0,1,1,0,0,[8439.]
c:246335,c:257955,2345,0,0,0,0,0,0,1,1,0,0,[8440.]
c:246335,c:257958,10000,0,0,0,0,0,0,1,1,0,0,[8441.]
c:246335,c:258072,1000,0,0,0,0,0,0,1,1,0,0,[8441.]
c:15850,c:26639,720000000,0,0,0,0,0,0,1,0,0,0,[8443.]
c:246335,c:258061,10000,0,0,0,0,0,0,1,1,0,0,[8468.]
c:246335,c:258018,3200,0,0,0,0,0,0,1,1,0,0,[8469.]
c:323,c:22293,32000000,0,0,0,0,0,0,1,1,0,0,[8470.]
c:246335,c:258040,1200,0,0,0,0,0,0,1,1,0,0,[8470.]
c:39638,c:39953,8500000,0,0,0,0,0,0,1,0,0,0,[8471.]
c:28,c:9532,2900000000,0,0,0,0,0,0,1,1,0,0,[8474.]
c:246335,c:258053,1289,0,0,0,0,0,0,1,1,0,0,[8480.]
c:246335,c:257956,5434,0,0,0,0,0,0,1,1,0,0,[8500.]
c:246335,c:258037,5000,0,0,0,0,0,0,1,1,0,0,[8506.]
c:17218,c:55715,43600000,0,0,0,0,0,0,1,0,0,0,[8510.]
c:4967,c:26950,25000000,0,0,0,0,0,0,1,0,0,0,[8522.]
c:246335,c:258051,1200,0,0,0,0,0,0,1,1,0,0,[8526.]
c:42408,c:48864,22000000,0,0,0,0,0,0,1,0,0,0,[8528.]
c:3275,c:19234,327000000,0,0,0,0,0,0,1,1,0,0,[8536.]
c:19688,c:44804,6500000,0,0,0,0,0,0,1,0,0,0,[8537.]
c:479,c:50375,387000000,0,0,0,0,0,0,1,0,0,0,[8548.]
c:4804,c:2644,323000000,0,0,0,0,0,0,1,0,1,0,[8553.]
c:12185,c:31617,567370000,0,0,0,0,0,0,1,0,0,0,[8559.]
c:50410,c:50411,120000000,0,0,0,0,0,0,1,0,0,0,[8576.]
c:163437,c:17482,100000000,0,0,0,0,0,0,1,0,0,0,[8584.]
c:102577,c:102574,5000000,0,0,0,1,0,0,0,0,1,0,[8607.]
c:30433,c:30426,50100000,0,0,0,0,0,0,1,0,0,0,[8618.]
c:246335,c:257921,12765,0,0,0,0,0,0,1,1,0,0,[8629.]
c:46298,c:224622,72000000,0,0,0,0,0,0,1,0,0,0,[8632.]
c:19531,c:1547,80000000,0,0,0,0,0,0,1,0,1,0,[8644.]
c:2537,c:15854,60000000,0,0,0,0,0,0,1,0,0,0,[8657.]
c:39269,c:19877,12800000,0,0,0,0,0,0,1,0,1,0,[8665.]
c:1242,c:207923,400000000,0,0,0,0,0,0,1,0,0,0,[8672.]
c:33731,c:15996,568000000,0,0,0,0,0,0,1,0,1,0,[8674.]
c:23339,c:31832,380000000,0,0,0,0,0,0,1,1,0,0,[8675.]
c:46298,c:269945,54000000,0,0,0,0,0,0,1,0,0,0,[8677.]
c:246335,c:257995,5000,0,0,0,0,0,0,1,1,0,0,[8694.]
c:28,c:47848,330000000,0,0,0,0,0,0,1,0,1,0,[8696.]
c:28,c:11216,100000000,0,0,0,0,0,0,1,1,0,0,[8705.]
c:219391,c:276941,985000000,0,0,0,0,0,0,1,0,0,0,[8708.]
c:2602,c:8022,1400000000,0,0,0,0,0,0,1,1,0,0,[8709.]
c:28922,c:280608,150000000,0,0,0,0,0,0,1,0,0,0,[8723.]
c:25770,c:18689,22000000,0,0,0,0,0,0,1,0,0,0,[8727.]
c:6765,c:29336,10000000,0,0,0,0,0,0,1,0,0,0,[8727.]
c:851,c:850,673600000,0,0,0,0,0,0,1,1,0,0,[8735.]
c:2537,c:6796,1350000000,0,0,0,0,0,0,1,1,0,0,[8735.]
c:29915,c:63203,150000000,0,0,0,0,0,0,1,0,0,0,[8735.]
c:37095,c:37096,30000000,0,0,0,0,0,0,1,1,0,0,[8741.]
c:50410,c:64495,225000000,0,0,0,0,0,0,1,1,0,0,[8754.]
c:246335,c:257986,11000,0,0,0,0,0,0,1,1,0,0,[8760.]
c:246335,c:258045,1200,0,0,0,0,0,0,1,1,0,0,[8766.]
c:246335,c:258011,24900,0,0,0,0,0,0,1,1,0,0,[8766.]
c:246335,c:258046,1200,0,0,0,0,0,0,1,1,0,0,[8768.]
c:246335,c:258047,25000,0,0,0,0,0,0,1,1,0,0,[8773.]
c:31875,c:52273,19000000,0,0,0,0,0,0,1,0,0,0,[8777.]
c:351,c:264,10000000,0,0,0,0,0,0,1,0,0,0,[8784.]
c:351,c:19658,7000000,0,0,0,0,0,0,1,0,0,0,[8784.]
c:323,c:21285,65000000,0,0,0,0,0,0,1,0,0,0,[8785.]
c:31441,c:67221,31200000,0,0,0,0,0,0,1,1,0,0,[8792.]
c:47461,c:148188,3900000000,0,0,0,0,0,0,1,0,0,0,[8795.]
c:246335,c:258014,2798,0,0,0,0,0,0,1,1,0,0,[8797.]
c:246335,c:257935,12546,0,0,0,0,0,0,1,1,0,0,[8799.]
c:246335,c:257937,23432,0,0,0,0,0,0,1,0,1,0,[8804.]
c:246335,c:257967,5000,0,0,0,0,0,0,1,1,0,0,[8806.]
c:2602,c:2603,155000000,0,0,0,0,0,0,1,0,0,0,[8809.]
c:246335,c:257936,13234,0,0,0,0,0,0,1,1,0,0,[8809.]
c:50410,c:26729,375000000,0,0,0,0,0,0,1,0,1,0,[8818.]
c:5548,c:629,2400000000,0,0,0,0,0,0,1,1,0,0,[8821.]
c:32989,c:32988,552000,0,0,0,0,0,0,1,0,0,0,[8824.]
c:246335,c:258025,10000,0,0,0,0,0,0,1,1,0,0,[8831.]
c:246335,c:258055,1200,0,0,0,0,0,0,1,1,0,0,[8836.]
c:53889,c:71126,265000000,0,0,0,0,0,0,1,0,0,0,[8838.]
c:49848,c:49849,6500000,0,0,0,0,0,0,1,1,0,0,[8841.]
c:246335,c:258042,1200,0,0,0,0,0,0,1,1,0,0,[8842.]
c:25780,c:25778,14500000,0,0,0,0,0,0,1,1,0,0,[8858.]
c:246335,c:258052,1200,0,0,0,0,0,0,1,1,0,0,[8862.]
c:246335,c:258065,2100,0,0,0,0,0,0,1,1,0,0,[8863.]
c:246335,c:258060,1900,0,0,0,0,0,0,1,1,0,0,[8864.]
c:246335,c:258024,10000,0,0,0,0,0,0,1,1,0,0,[8868.]
c:246335,c:258023,12900,0,0,0,0,0,0,1,1,0,0,[8874.]
c:246335,c:258071,6700,0,0,0,0,0,0,1,1,0,0,[8877.]
c:29915,c:60344,44700000,0,0,0,0,0,0,1,0,1,0,[8879.]
c:102577,c:102573,4000000,0,0,0,0,0,0,1,0,1,0,[8884.]
c:246335,c:258049,12000,0,0,0,0,0,0,1,1,0,0,[8893.]
c:246335,c:258057,1200,0,0,0,0,0,0,1,1,0,0,[8894.]
c:246335,c:258058,19000,0,0,0,0,0,0,1,1,0,0,[8896.]
c:246335,c:257987,15000,0,0,0,0,0,0,1,0,1,0,[8904.]
c:32020,c:32021,36700000,0,0,0,0,0,0,1,1,0,0,[8910.]
c:12102,c:48922,71000000,0,0,0,0,0,0,1,0,1,0,[8912.]
c:33731,c:51121,20000000,0,0,0,0,0,0,1,0,0,0,[8921.]
c:42408,c:50908,315000000,0,0,0,0,0,0,1,0,0,0,[8926.]
c:25770,c:22989,35000000,0,0,0,0,0,0,1,0,0,0,[8926.]
c:28,c:30526,120000000,0,0,0,0,0,0,1,0,0,0,[8969.]
c:31597,c:31596,21650000,0,0,0,0,0,0,1,1,0,0,[8972.]
c:28285,c:28618,4930000,0,0,0,0,0,0,1,0,0,0,[8989.]
c:4967,c:30924,28000000,0,0,0,0,0,0,1,1,0,0,[9002.]
c:28,c:10197,215000000,0,0,0,0,0,0,1,0,0,0,[9005.]
c:16106,c:16105,10000000,0,0,0,0,0,0,1,1,0,0,[9005.]
c:18058,c:28413,20000000,0,0,0,0,0,0,1,0,0,0,[9005.]
c:351,c:10158,36500000,0,0,0,0,0,0,1,0,1,0,[9012.]
c:5182,c:15175,33000000,0,0,0,0,0,0,1,1,0,0,[9015.]
c:595,c:594,200000000,0,0,0,0,0,0,1,1,0,0,[9040.]
c:269082,c:269084,1100000000,0,0,0,0,0,0,1,0,0,0,[9040.]
c:29233,c:29234,6230000,0,0,0,0,0,0,1,0,0,0,[9040.]
c:28285,c:11887,19000000,0,0,0,0,0,0,1,0,0,0,[9042.]
c:67716,c:270237,600000000,0,0,0,0,0,0,1,1,0,0,[9045.]
c:55913,c:8718,52000000,0,0,0,0,0,0,1,0,1,0,[9048.]
c:246335,c:257989,10000,0,0,0,0,0,0,1,1,0,0,[9053.]
c:29356,c:29357,14000000,0,0,0,0,0,0,1,1,0,0,[9059.]
c:36947,c:36948,20000000,0,0,0,0,0,0,1,0,1,0,[9103.]
c:37684,c:37685,20000000,0,0,0,0,0,0,1,0,1,0,[9114.]
c:28285,c:29256,20820000,0,0,0,0,0,0,1,0,0,0,[9117.]
c:2537,c:3535,170000000,0,0,0,0,0,0,1,0,0,0,[9131.]
c:966,c:5990,635000000,0,0,0,0,0,0,1,0,0,0,[9139.]
c:246335,c:257960,131456,0,0,0,0,0,0,1,1,0,0,[9139.]
c:246335,c:257990,1000,0,0,0,0,0,0,1,1,0,0,[9141.]
c:246335,c:258041,1200,0,0,0,0,0,0,1,1,0,0,[9142.]
c:15850,c:37547,142000000,0,0,0,0,0,0,1,0,0,0,[9151.]
c:246335,c:258019,1200,0,0,0,0,0,0,1,1,0,0,[9164.]
c:246335,c:258056,1200,0,0,0,0,0,0,1,1,0,0,[9165.]
c:246335,c:258043,1659,0,0,0,0,0,0,1,1,0,0,[9170.]
c:246335,c:257988,2500,0,0,0,0,0,0,1,1,0,0,[9170.]
c:246335,c:258048,1200,0,0,0,0,0,0,1,1,0,0,[9174.]
c:25770,c:68760,60000000,0,0,0,0,0,0,1,1,0,0,[9176.]
c:40866,c:69489,30000000,0,0,0,0,0,0,1,0,0,0,[9183.]
c:18127,c:57165,380000000,0,0,0,0,0,0,1,1,0,0,[9201.]
c:246335,c:258022,2100,0,0,0,0,0,0,1,1,0,0,[9202.]
c:246335,c:257991,1000,0,0,0,0,0,0,1,1,0,0,[9203.]
c:28,c:3991,590000000,0,0,0,0,0,0,1,0,0,1,[9209.]
c:246335,c:258067,21456,0,0,0,0,0,0,1,1,0,0,[9224.]
c:246335,c:258068,12000,0,0,0,0,0,0,1,1,0,0,[9227.]
c:29208,c:154773,20000000,0,0,0,0,0,0,1,1,0,0,[9232.]
c:2175,c:2822,330000000,0,0,0,0,0,0,1,0,0,0,[9256.]
c:351,c:835,65000000,0,0,0,0,0,0,1,1,0,0,[9258.]
c:5471,c:515,31500000,0,0,1,0,0,0,0,1,0,0,[9267.]
c:28,c:26361,105000000,0,0,0,0,0,0,1,1,0,0,[9271.]
c:26919,c:26918,7350000,0,0,0,0,0,0,1,0,0,0,[9291.]
c:148258,c:54077,403000000,0,0,0,0,0,0,1,0,0,1,[9301.]
c:4967,c:39139,23000000,0,0,0,0,0,0,1,0,1,0,[9303.]
c:246335,c:258044,2100,0,0,0,0,0,0,1,1,0,0,[9305.]
c:3275,c:234223,307000000,0,0,0,0,0,0,1,0,0,0,[9314.]
c:5471,c:28633,900000000,0,0,0,0,0,0,1,0,0,0,[9315.]
c:227,c:39791,343200000,0,0,0,0,0,0,1,0,0,0,[9338.]
c:351,c:38337,35000000,0,0,0,0,0,0,1,1,0,0,[9341.]
c:3754,c:9087,23000000,0,0,0,0,0,0,1,1,0,0,[9343.]
c:4053,c:28106,70000000,0,0,0,0,0,0,1,0,1,0,[9375.]
c:351,c:1388,315000000,0,0,0,0,0,0,1,0,0,0,[9390.]
c:25770,c:42784,80000000,0,0,0,0,0,0,1,1,0,0,[9392.]
c:2602,c:32183,3900000000,0,0,0,0,0,0,1,1,0,0,[9395.]
c:246335,c:257985,5000,0,0,0,0,0,0,1,1,0,0,[9397.]
c:14236,c:206909,389000000,0,0,0,0,0,0,1,0,0,0,[9397.]
c:34650,c:23911,200000000,0,0,0,0,0,0,1,0,1,0,[9405.]
c:28,c:32156,3400000000,0,0,0,0,0,0,1,0,0,0,[9405.]
c:2989,c:17484,20000000,0,0,0,0,0,0,1,0,0,0,[9422.]
c:28,c:34618,183000000,0,0,0,0,0,0,1,0,0,0,[9431.]
c:246335,c:257997,12000,0,0,0,0,0,0,1,1,0,0,[9432.]
c:28,c:55223,44500000,0,0,0,0,0,0,1,1,0,0,[9437.]
c:3320,c:14854,350000000,0,0,0,0,0,0,1,1,0,0,[9439.]
c:32390,c:32389,3580000,0,0,0,0,0,0,1,0,0,0,[9442.]
c:5548,c:12519,458000000,0,0,0,0,0,0,1,1,0,0,[9448.]
c:25380,c:61933,47000000,0,0,0,0,0,0,1,0,0,0,[9451.]
c:26977,c:36656,200000000,0,0,0,0,0,0,1,0,1,0,[9462.]
c:479,c:731,1000000000,0,0,0,0,0,0,1,1,0,0,[9465.]
c:283646,c:283645,280000000,0,0,0,0,0,0,1,0,0,0,[9467.]
c:28899,c:28898,11800000,0,0,0,0,0,0,1,0,0,0,[9469.]
c:4967,c:43832,23000000,0,0,0,0,0,0,1,1,0,0,[9472.]
c:5471,c:15033,24000000,0,0,1,0,0,0,0,0,0,0,[9473.]
c:2175,c:680,485000000,0,0,0,0,0,0,1,0,0,0,[9479.]
c:29306,c:29307,34670000,0,0,0,0,0,0,1,0,1,0,[9480.]
c:28,c:33915,2900000000,0,0,0,0,0,0,1,0,1,0,[9483.]
c:28285,c:39988,51500000,0,0,0,0,0,0,1,0,0,0,[9496.]
c:246335,c:258021,25000,0,0,0,0,0,0,1,1,0,0,[9498.]
c:246335,c:257992,1000,0,0,0,0,0,0,1,1,0,0,[9505.]
c:246335,c:257994,5000,0,0,0,0,0,0,1,1,0,0,[9506.]
c:246335,c:257993,1000,0,0,0,0,0,0,1,1,0,0,[9506.]
c:23339,c:20050,1000000000,0,0,0,0,0,0,1,1,0,0,[9520.]
c:2175,c:2821,85000000,0,0,0,1,0,0,0,0,0,0,[9522.]
c:26278,c:26277,8650000,0,0,0,0,0,0,1,0,0,0,[9529.]
c:246335,c:258059,1500,0,0,0,0,0,0,1,1,0,0,[9531.]
c:2602,c:13986,12000000,0,0,0,0,0,0,1,0,0,0,[9536.]
c:246335,c:258070,9000,0,0,0,0,0,0,1,1,0,0,[9569.]
c:35243,c:39890,15000000,0,0,0,1,0,0,0,0,0,0,[9584.]
c:246335,c:258017,12000,0,0,0,0,0,0,1,1,0,0,[9587.]
c:1654,c:15070,30000000,0,0,0,0,0,0,1,1,0,0,[9587.]
c:11,c:667,700000000,0,0,0,0,0,0,1,1,0,0,[9589.]
c:246335,c:257983,5000,0,0,0,0,0,0,1,1,0,0,[9591.]
c:3320,c:26451,53000000,0,0,0,0,0,0,1,0,0,0,[9595.]
c:4942,c:10241,3000000000,0,0,0,0,0,0,1,0,0,1,[9596.]
c:246335,c:257970,5000,0,0,0,0,0,0,1,1,0,0,[9617.]
c:5182,c:26617,280650000,0,0,0,0,0,0,1,0,0,0,[9617.]
c:323,c:16734,3100000000,0,0,0,0,0,0,1,0,0,1,[9620.]
c:851,c:1007,15000000,0,0,0,0,0,0,1,1,0,0,[9624.]
c:28,c:22715,99000000,0,0,0,0,0,0,1,0,1,0,[9636.]
c:34650,c:31777,66000000,0,0,0,0,0,0,1,1,0,0,[9640.]
c:246335,c:258036,12000,0,0,0,0,0,0,1,1,0,0,[9641.]
c:3320,c:6507,123000000,0,0,0,0,0,0,1,0,0,0,[9648.]
c:12185,c:78268,135000000,0,0,0,0,0,0,1,1,0,0,[9648.]
c:2537,c:21473,170000000,0,0,0,0,0,0,1,1,0,0,[9649.]
c:246335,c:257980,12000,0,0,0,0,0,0,1,1,0,0,[9653.]
c:5229,c:49412,200000000,0,0,0,0,0,0,1,0,0,0,[9655.]
c:28285,c:51215,15200000,0,0,0,0,0,0,1,0,0,0,[9678.]
c:26919,c:32525,400000,0,0,0,0,0,0,1,0,0,0,[9694.]
c:246335,c:258015,2500,0,0,0,0,0,0,1,1,0,0,[9699.]
c:23489,c:1437,25000000,0,0,0,0,0,0,1,0,0,0,[9708.]
c:25627,c:28501,480400000,0,0,0,0,0,0,1,0,0,0,[9708.]
c:28208,c:28207,43970000,0,0,0,0,0,0,1,0,0,0,[9709.]
c:246335,c:258000,5000,0,0,0,0,0,0,1,1,0,0,[9732.]
c:28,c:7632,80000000,0,0,0,0,0,0,1,0,0,0,[9734.]
c:2537,c:771,170000000,0,0,0,0,0,0,1,0,0,0,[9740.]
c:5548,c:10604,640000000,0,0,0,0,0,0,1,0,0,0,[9759.]
c:33472,c:40826,85000000,0,0,0,0,0,0,1,0,0,0,[9775.]
c:3320,c:4375,695000000,0,0,0,0,0,0,1,0,0,0,[9778.]
c:5182,c:13781,35000000,0,0,0,0,0,0,1,1,0,0,[9792.]
c:4196,c:1613,105000000,0,0,0,0,0,0,1,0,0,0,[9798.]
c:35042,c:17459,4000000,0,0,0,0,0,0,1,0,1,0,[9801.]
c:5722,c:238110,50000000,0,0,0,0,0,0,1,0,0,0,[9801.]
c:29457,c:29465,50000000,0,0,0,0,0,0,1,0,0,0,[9804.]
c:1354,c:82,30000000,0,0,0,0,0,0,1,0,0,0,[9817.]
c:50999,c:53969,240000000,0,0,0,0,0,0,1,1,0,0,[9822.]
c:283,c:1336,1800000000,0,0,0,0,0,0,1,0,0,1,[9823.]
c:3848,c:52145,161500000,0,0,0,0,0,0,1,0,0,0,[9825.]
c:2602,c:8024,820000000,0,0,0,0,0,0,1,1,0,0,[9843.]
c:851,c:28904,15000000,0,0,0,0,0,0,1,0,0,0,[9851.]
c:64565,c:64567,415000000,0,0,0,0,0,0,1,1,0,0,[9851.]
c:39057,c:39059,17100000,0,0,0,0,0,0,1,0,1,0,[9861.]
c:246335,c:257950,213456,0,0,0,0,0,0,1,1,0,0,[9863.]
c:246335,c:257961,10000,0,0,0,0,0,0,1,1,0,0,[9865.]
c:246335,c:257969,25000,0,0,0,0,0,0,1,1,0,0,[9868.]
c:5182,c:29450,34000000,0,0,0,0,0,0,1,1,0,0,[9881.]
c:23339,c:260904,1160000,0,0,0,0,0,0,1,0,0,0,[9886.]
c:5722,c:25024,55000000,0,0,0,0,0,0,1,1,0,0,[9908.]
c:851,c:8523,30000000,0,0,0,0,0,0,1,0,0,0,[9910.]
c:102577,c:102572,8500000,0,0,0,0,0,0,1,0,1,0,[9914.]
c:246335,c:258054,2980,0,0,0,0,0,0,1,1,0,0,[9925.]
c:52574,c:52575,12850000,0,0,1,0,0,0,0,0,0,0,[9929.]
c:72249,c:23903,450000,0,0,0,0,0,0,1,0,0,0,[9948.]
c:4967,c:10915,130000000,0,0,0,0,0,0,1,0,0,0,[9954.]
c:23339,c:46080,315000000,0,0,0,0,0,0,1,1,0,0,[9961.]
c:2175,c:483,240000000,0,0,0,0,0,0,1,1,0,0,[9970.]
c:12185,c:33472,3700000000,0,0,0,0,0,0,1,0,0,1,[9981.]
c:9521,c:26912,5690000,0,0,0,0,0,0,1,0,0,0,[9983.]
c:2537,c:47752,91000000,0,0,0,0,0,0,1,1,0,0,[9992.]
c:221096,c:221117,8800000,0,0,0,0,0,0,1,0,0,0,[10015.]
c:1071,c:49782,6700000,0,0,0,0,0,0,1,1,0,0,[10026.]
c:228060,c:228066,5000000,0,0,0,0,0,0,1,0,0,0,[10030.]
c:3316,c:3315,800000000,0,0,0,0,0,0,1,1,0,0,[10041.]
c:23489,c:26441,48140000,0,0,0,0,0,0,1,0,0,0,[10051.]
c:14721,c:28257,39550000,0,0,0,0,0,0,1,1,0,0,[10051.]
c:15850,c:20972,600000000,0,0,0,0,0,0,1,0,0,0,[10094.]
c:323,c:17334,144000000,0,0,0,0,0,0,1,0,0,0,[10096.]
c:283,c:5398,240000000,0,0,0,0,0,0,1,1,0,0,[10101.]
c:32632,c:32630,20230000,0,0,0,0,0,0,1,0,0,0,[10114.]
c:966,c:50706,175000000,0,0,0,0,0,0,1,0,0,0,[10122.]
c:1071,c:2889,28000000,0,0,0,0,0,0,1,0,0,1,[10127.]
c:1071,c:57804,27000000,0,0,0,0,0,0,1,0,0,0,[10127.]
c:988,c:551,380000000,0,0,0,0,0,0,1,1,0,0,[10128.]
c:17655,c:17656,255000000,0,0,0,0,0,0,1,0,1,0,[10143.]
c:23241,c:23241,160000000,0,0,0,0,0,0,1,0,1,0,[10148.]
c:28,c:58731,99000000,0,0,0,0,0,0,1,1,0,0,[10154.]
c:2989,c:7521,30000000,0,0,0,0,0,0,1,1,0,0,[10166.]
c:851,c:3213,400000000,0,0,0,0,0,0,1,0,1,0,[10174.]
c:35663,c:35664,11500000,0,0,0,0,0,0,1,0,1,0,[10177.]
c:35663,c:35663,11500000,0,0,0,0,0,0,1,1,0,0,[10177.]
c:228060,c:211500,26000000,0,0,0,0,0,0,1,0,0,0,[10185.]
c:64403,c:44893,4000000,0,0,0,0,0,0,1,0,0,0,[10212.]
c:5182,c:37961,25000000,0,0,0,0,0,0,1,1,0,0,[10212.]
c:35243,c:26777,67500000,0,0,0,1,0,0,0,0,0,0,[10218.]
c:14111,c:4804,720000000,0,0,0,0,0,0,1,0,0,0,[10218.]
c:11,c:10,20000000,0,0,0,0,0,0,1,0,0,0,[10225.]
c:2456,c:34224,170000000,0,0,0,0,0,0,1,1,0,0,[10227.]
c:25380,c:199137,100000000,0,0,0,0,0,0,1,1,0,0,[10265.]
c:12011,c:17332,90000000,0,0,0,0,0,0,1,0,0,1,[10272.]
c:28,c:150422,271000000,0,0,0,0,0,0,1,0,0,0,[10281.]
c:52578,c:52579,12500000,0,0,1,0,0,0,0,0,0,0,[10287.]
c:31181,c:31180,9710000,0,0,0,0,0,0,1,0,0,0,[10298.]
c:351,c:77,405000000,0,0,0,0,0,0,1,0,1,0,[10302.]
c:3320,c:848,1280000000,0,0,0,0,0,0,1,1,0,0,[10304.]
c:31960,c:31959,350720000,0,0,0,0,0,0,1,0,0,0,[10342.]
c:3320,c:3962,70000000,0,0,0,0,0,0,1,1,0,0,[10345.]
c:3320,c:4143,300000000,0,0,0,0,0,0,1,1,0,0,[10345.]
c:1242,c:12692,337000000,0,0,0,0,0,0,1,0,0,0,[10400.]
c:2602,c:15142,2400000000,0,0,0,0,0,0,1,0,0,0,[10410.]
c:1242,c:12691,96000000,0,0,0,0,0,0,1,1,0,0,[10428.]
c:52578,c:18121,475000000,0,0,0,0,0,0,1,1,0,0,[10433.]
c:9521,c:30980,13000000,0,0,0,0,0,0,1,0,0,0,[10457.]
c:23339,c:33874,10500000000,0,0,0,0,0,0,1,0,0,0,[10463.]
c:851,c:17191,20000000,0,0,0,0,0,0,1,1,0,0,[10500.]
c:264142,c:268825,20000000,0,0,0,0,0,0,1,0,0,0,[10500.]
c:966,c:762,76000000,0,0,0,0,0,0,1,0,0,0,[10500.]
c:9521,c:59774,2500000,0,0,0,0,0,0,1,0,0,0,[10514.]
c:2989,c:35511,405000000,0,0,0,0,0,0,1,1,0,0,[10540.]
c:28,c:49332,125000000,0,0,0,0,0,0,1,0,0,0,[10546.]
c:28,c:1731,1200000000,0,0,0,0,0,0,1,0,0,0,[10551.]
c:283,c:13204,120000000,0,0,0,0,0,0,1,1,0,0,[10562.]
c:283827,c:6616,105000000,0,0,0,0,0,0,1,0,1,0,[10563.]
c:285968,c:285969,2500000000,0,0,0,0,0,0,1,1,0,0,[10571.]
c:2175,c:29477,90000000,0,0,0,0,0,0,1,1,0,0,[10571.]
c:283,c:5306,400000000,0,0,0,0,0,0,1,0,0,0,[10591.]
c:200926,c:262308,152000000,0,0,0,0,0,0,1,0,1,0,[10606.]
c:28,c:52365,475000000,0,0,0,0,0,0,1,1,0,0,[10615.]
c:2680,c:4822,5850000000,0,0,0,0,0,0,1,0,0,1,[10622.]
c:5182,c:68993,39000000,0,0,0,0,0,0,1,1,0,0,[10639.]
c:153168,c:153166,500000,0,0,0,0,0,0,1,0,1,0,[10641.]
c:5182,c:40745,36000000,0,0,0,0,0,0,1,1,0,0,[10651.]
c:3649,c:3648,25000000,0,0,0,0,0,0,1,0,0,0,[10652.]
c:9521,c:44172,50000000,0,0,0,0,0,0,1,0,1,0,[10668.]
c:28,c:29361,310000000,0,0,0,0,0,0,1,0,0,0,[10685.]
c:966,c:4270,213000000,0,0,0,0,0,0,1,0,0,0,[10690.]
c:5471,c:156273,1700000000,0,0,0,0,0,0,1,0,0,0,[10705.]
c:25684,c:25683,167000000,0,0,0,0,0,0,1,0,0,0,[10706.]
c:1071,c:156494,100000000,0,0,0,0,0,0,1,0,0,0,[10707.]
c:2537,c:44504,423500000,0,0,0,0,0,0,1,1,0,0,[10709.]
c:3649,c:26943,18760000,0,0,0,0,0,0,1,0,0,0,[10714.]
c:28,c:78759,107000000,0,0,0,0,0,0,1,1,0,0,[10741.]
c:25681,c:25676,100830000,0,0,0,0,0,0,1,0,0,0,[10744.]
c:6764,c:2450,162000000,0,0,0,0,0,0,1,0,0,0,[10750.]
c:28,c:45428,180000000,0,0,0,0,0,0,1,0,0,0,[10763.]
c:6764,c:50398,5500000,0,0,1,0,0,0,0,0,0,0,[10764.]
c:26886,c:26885,1200000,0,0,0,0,0,0,1,0,0,0,[10766.]
c:3320,c:3610,410000000,0,0,0,0,0,0,1,1,0,0,[10783.]
c:851,c:26158,1300000000,0,0,0,0,0,0,1,0,1,0,[10784.]
c:5722,c:16181,25000000,0,0,0,0,0,0,1,1,0,0,[10795.]
c:102577,c:258979,6000000,0,0,0,1,0,0,0,1,0,0,[10795.]
c:214259,c:240481,18000000,0,0,0,0,0,0,1,0,0,0,[10796.]
c:3649,c:28418,16050000,0,0,0,0,0,0,1,0,0,0,[10796.]
c:28,c:19066,2700000000,0,0,0,0,0,0,1,0,0,0,[10796.]
c:5548,c:245179,4400000000,0,0,0,0,0,0,1,0,0,0,[10809.]
c:32951,c:55354,9000000,0,0,0,0,0,0,1,0,0,0,[10835.]
c:32951,c:32950,18000000,0,0,0,0,0,0,1,0,0,1,[10843.]
c:28,c:147164,415000000,0,0,0,0,0,0,1,1,0,0,[10846.]
c:14098,c:29451,45000000,0,0,0,0,0,0,1,0,0,0,[10909.]
c:32951,c:40829,485000000,0,0,0,0,0,0,1,0,0,0,[10912.]
c:62198,c:14098,2200000000,0,0,0,0,0,0,1,1,0,0,[10917.]
c:5548,c:17640,1800000000,0,0,0,0,0,0,1,0,0,0,[10922.]
c:37093,c:33685,640000000,0,0,0,0,0,0,1,0,1,0,[10933.]
c:2680,c:16286,495000000,0,0,0,0,0,0,1,0,0,1,[10957.]
c:3320,c:19971,115000000,0,0,0,0,0,0,1,0,0,0,[10972.]
c:27133,c:27132,30000000,0,0,0,0,0,0,1,0,0,0,[11008.]
c:12011,c:17633,2000000,0,0,0,0,0,0,1,0,0,0,[11011.]
c:23079,c:23078,10000000,0,0,0,0,0,0,1,1,0,0,[11015.]
c:50985,c:26564,53000000,0,0,0,0,0,0,1,0,0,0,[11074.]
c:6809,c:26489,124400000,0,0,0,0,0,0,1,0,0,0,[11077.]
c:50997,c:39411,35000000,0,0,0,0,0,0,1,0,0,0,[11090.]
c:5471,c:230694,10100000000,0,0,0,0,0,0,1,0,0,0,[11132.]
c:37093,c:50691,2900000000,0,0,0,0,0,0,1,0,0,0,[11138.]
c:2508,c:36605,32000000,0,0,0,0,0,0,1,1,0,0,[11139.]
c:6809,c:28656,8100000,0,0,0,0,0,0,1,0,0,0,[11139.]
c:966,c:8044,2100000000,0,0,0,0,0,0,1,1,0,0,[11146.]
c:5182,c:68605,60000000,0,0,0,0,0,0,1,0,0,0,[11155.]
c:283,c:28333,600000000,0,0,0,0,0,0,1,0,0,0,[11166.]
c:8091,c:86083,990000000,0,0,0,0,0,0,1,1,0,0,[11193.]
c:259508,c:259501,2500000,0,0,0,0,0,0,1,0,0,0,[11197.]
c:966,c:2647,150000000,0,0,0,0,0,0,1,0,0,0,[11202.]
c:6277,c:36798,64000000,0,0,0,0,0,0,1,1,0,0,[11224.]
c:275136,c:275137,56400000,0,0,0,0,0,0,1,0,1,0,[11239.]
c:30503,c:34222,1500000,0,0,0,0,0,0,1,1,0,0,[11245.]
c:6277,c:39199,56000000,0,0,0,0,0,0,1,1,0,0,[11259.]
c:32951,c:141917,820000000,0,0,0,0,0,0,1,0,0,0,[11275.]
c:396,c:62883,360000000,0,0,0,0,0,0,1,1,0,0,[11283.]
c:36665,c:36666,23500000,0,0,0,0,0,0,1,0,1,0,[11285.]
c:39670,c:39673,130000000,0,0,0,0,0,0,1,0,0,0,[11334.]
c:2680,c:2703,8500000000,0,0,0,0,0,0,1,0,0,0,[11337.]
c:69301,c:69300,50000000,0,0,0,0,0,0,1,1,0,0,[11413.]
c:25684,c:73144,204000000,0,0,0,0,0,0,1,0,0,0,[11418.]
c:2175,c:36393,30000000,0,0,0,0,0,0,1,1,0,0,[11443.]
c:6764,c:26438,40000000,0,0,0,0,0,0,1,0,0,0,[11490.]
c:34589,c:222658,10000000,0,0,0,0,0,0,1,0,0,0,[11519.]
c:3320,c:63053,0,0,0,0,0,0,0,1,0,0,0,[11521.]
c:256780,c:256779,7000000,0,0,0,0,0,0,1,1,0,0,[11535.]
c:71,c:55215,500000000,0,0,0,0,0,0,1,1,0,0,[11600.]
c:22697,c:13010,710000000,0,0,0,0,0,0,1,0,0,0,[11611.]
c:52578,c:223610,310000000,0,0,0,0,0,0,1,1,0,0,[11618.]
c:5722,c:26685,400000000,0,0,0,0,0,0,1,1,0,0,[11621.]
c:2680,c:29469,150000000,0,0,0,0,0,0,1,0,0,0,[11624.]
c:966,c:48268,2250000000,0,0,0,0,0,0,1,0,1,0,[11641.]
c:25106,c:4849,525000000,0,0,0,0,0,0,1,0,0,0,[11678.]
c:185,c:1806,265000000,0,0,0,0,0,0,1,1,0,0,[11688.]
c:1654,c:5661,278000000,0,0,0,0,0,0,1,1,0,0,[11710.]
c:37093,c:81826,925000000,0,0,0,0,0,0,1,1,0,0,[11713.]
c:1242,c:5695,200000000,0,0,0,0,0,0,1,0,0,0,[11715.]
c:16612,c:36935,1270000000,0,0,0,0,0,0,1,0,0,0,[11727.]
c:1242,c:11893,75000000,0,0,0,0,0,0,1,0,0,0,[11732.]
c:1242,c:12584,70000000,0,0,0,0,0,0,1,0,0,0,[11732.]
c:25106,c:5585,263000000,0,0,0,0,0,0,1,0,0,0,[11749.]
c:31260,c:31259,1802940000,0,0,0,0,0,0,1,0,0,0,[11785.]
c:2680,c:479,7400000000,0,0,0,0,0,0,1,1,0,0,[11797.]
c:25248,c:50930,180000000,0,0,0,0,0,0,1,0,0,0,[11821.]
c:6764,c:218381,205000000,0,0,0,0,0,0,1,0,0,0,[11836.]
c:17391,c:49404,283140000,0,0,0,0,0,0,1,0,0,0,[11845.]
c:46270,c:228058,104000000,0,0,0,0,0,0,1,0,0,0,[11856.]
c:9952,c:26469,73300000,0,0,0,0,0,0,1,0,0,0,[11857.]
c:28385,c:28860,1400000,0,0,0,0,0,0,1,0,0,0,[11873.]
c:33565,c:27779,345000000,0,0,0,0,0,0,1,0,0,0,[11884.]
c:28385,c:28384,23870000,0,0,0,0,0,0,1,0,0,0,[11900.]
c:31352,c:31351,23140000,0,0,0,0,0,0,1,0,0,0,[11905.]
c:25248,c:26415,268000000,0,0,0,0,0,0,1,0,0,1,[11964.]
c:185,c:33903,123000000,0,0,0,0,0,0,1,0,0,0,[11984.]
c:31839,c:31840,332500000,0,0,0,0,0,0,1,1,0,0,[12007.]
c:1242,c:23209,800000000,0,0,0,0,0,0,1,0,0,0,[12032.]
c:9952,c:29335,9700000,0,0,0,0,0,0,1,0,0,0,[12058.]
c:71,c:55212,748000000,0,0,0,0,0,0,1,0,0,0,[12068.]
c:1242,c:3218,6400000000,0,0,0,0,0,0,1,1,0,0,[12097.]
c:2680,c:25790,685000000,0,0,0,0,0,0,1,1,0,0,[12162.]
c:9952,c:8323,75000000,0,0,0,0,0,0,1,1,0,0,[12179.]
c:1242,c:1722,50000000,0,0,0,0,0,0,1,1,0,0,[12235.]
c:14334,c:83296,79000000,0,0,0,0,0,0,1,0,0,0,[12259.]
c:25437,c:25438,107000000,0,0,0,0,0,0,1,0,0,1,[12270.]
c:32496,c:32495,16340000,0,0,0,0,0,0,1,0,0,0,[12291.]
c:1654,c:18,80000000,0,0,0,0,0,0,1,0,1,0,[12301.]
c:285964,c:13710,57500000,0,0,0,1,0,0,0,0,1,0,[12309.]
c:25684,c:264932,60000000,0,0,0,0,0,0,1,0,0,0,[12312.]
c:28385,c:32939,9500000,0,0,0,0,0,0,1,1,0,0,[12326.]
c:2175,c:38338,324000000,0,0,0,0,0,0,1,0,0,0,[12327.]
c:1654,c:637,275000000,0,0,0,0,0,0,1,0,0,0,[12332.]
c:1242,c:2505,1200000000,0,0,0,0,0,0,1,0,0,0,[12332.]
c:1242,c:2372,500000000,0,0,0,0,0,0,1,1,0,0,[12366.]
c:25,c:592,64000000,0,0,0,0,0,0,1,1,0,0,[12388.]
c:2680,c:1878,1000000000,0,0,0,0,0,0,1,0,0,0,[12422.]
c:1242,c:128,115000000,0,0,0,0,0,0,1,0,0,0,[12432.]
c:1654,c:41876,121000000,0,0,0,0,0,0,1,0,0,0,[12444.]
c:1242,c:30,100000000,0,0,0,0,0,0,1,1,0,0,[12507.]
c:32496,c:45514,78250000,0,0,0,0,0,0,1,0,0,0,[12517.]
c:1242,c:8260,35000000,0,0,0,0,0,0,1,1,0,0,[12520.]
c:1242,c:7198,486000000,0,0,0,0,0,0,1,0,0,0,[12566.]
c:966,c:179507,200000000,0,0,0,0,0,0,1,0,0,0,[12588.]
c:1654,c:398,29000000,0,0,0,0,0,0,1,0,0,0,[12590.]
c:25020,c:169548,335000000,0,0,0,0,0,0,1,0,0,0,[12657.]
c:32496,c:59849,6500000,0,0,0,0,0,0,1,0,0,0,[12713.]
c:2680,c:20442,1500000000,0,0,0,0,0,0,1,0,1,0,[12714.]
c:39054,c:39055,550000,0,0,0,0,0,0,1,0,0,0,[12746.]
c:39365,c:39366,160000000,0,0,0,0,0,0,1,1,0,0,[12790.]
c:2680,c:5097,1900000000,0,0,0,0,0,0,1,0,0,0,[12822.]
c:24852,c:43868,100000000,0,0,0,0,0,0,1,0,0,0,[12828.]
c:25,c:655,102000000,0,0,0,0,0,0,1,1,0,0,[12874.]
c:2680,c:1234,300000000,0,0,0,0,0,0,1,0,0,0,[12926.]
c:229355,c:229357,60000000,0,0,0,0,0,0,1,0,0,0,[12946.]
c:16612,c:163296,2000000000,0,0,0,0,0,0,1,0,0,0,[12995.]
c:72938,c:168528,732000000,0,0,0,0,0,0,1,0,0,0,[13012.]
c:1654,c:42145,450000000,0,0,0,0,0,0,1,0,0,0,[13039.]
c:26050,c:9382,200000000,0,0,0,0,0,0,1,1,0,0,[13040.]
c:39365,c:45762,70000000,0,0,0,0,0,0,1,0,0,0,[13137.]
c:2680,c:1070,871000000,0,0,0,0,0,0,1,0,0,0,[13137.]
c:31839,c:41887,277000000,0,0,0,0,0,0,1,0,0,0,[13190.]
c:26050,c:20847,350000000,0,0,0,0,0,0,1,0,0,0,[13217.]
c:1654,c:26999,356000000,0,0,0,0,0,0,1,0,0,0,[13266.]
c:1242,c:2676,25000000,0,0,0,0,0,0,1,1,0,0,[13280.]
c:72938,c:227437,1500000000,0,0,1,0,0,0,0,0,0,0,[13316.]
c:166632,c:218760,1300000000,0,0,0,0,0,0,1,0,0,0,[13335.]
c:72938,c:239875,666000000,0,0,0,0,0,0,1,0,0,0,[13348.]
c:244078,c:42945,1140000000,0,0,0,0,0,0,1,0,0,0,[13361.]
c:6651,c:18077,295000000,0,0,0,0,0,0,1,1,0,0,[13431.]
c:2680,c:65979,400000000,0,0,0,0,0,0,1,0,0,0,[13445.]
c:180632,c:59099,49000000,0,0,0,0,0,0,1,1,0,0,[13503.]
c:1654,c:76916,20000000,0,0,0,0,0,0,1,0,1,0,[13506.]
c:29472,c:29473,60060000,0,0,0,0,0,0,1,0,0,0,[13531.]
c:1242,c:62,8500000000,0,0,0,0,0,0,1,1,0,0,[13550.]
c:1654,c:5032,345000000,0,0,0,0,0,0,1,0,0,0,[13622.]
c:10119,c:12404,649000000,0,0,0,0,0,0,1,1,0,0,[13651.]
c:17862,c:49771,1360000000,0,0,0,0,0,0,1,0,0,0,[13678.]
c:26050,c:43700,330000000,0,0,0,0,0,0,1,1,0,0,[13693.]
c:1654,c:55476,50000000,0,0,0,0,0,0,1,0,0,0,[13700.]
c:12394,c:28482,60000000,0,0,0,0,0,0,1,0,0,0,[13704.]
c:3245,c:30628,100000000,0,0,0,0,0,0,1,0,0,0,[13718.]
c:31260,c:243225,485000000,0,0,0,0,0,0,1,0,0,0,[13725.]
c:1654,c:23588,200000000,0,0,0,0,0,0,1,0,0,0,[13759.]
c:26894,c:26893,3510000,0,0,0,0,0,0,1,0,0,0,[13764.]
c:15016,c:263552,16000000,0,0,0,0,0,0,1,1,0,0,[13768.]
c:277018,c:276603,5700000000,0,0,0,0,0,0,1,0,1,0,[13823.]
c:180632,c:266738,109000000,0,0,0,0,0,0,1,0,0,0,[13890.]
c:1242,c:10176,1200000000,0,0,0,0,0,0,1,1,0,0,[13962.]
c:3245,c:15862,5800000000,0,0,0,0,0,0,1,1,0,0,[14011.]
c:6651,c:9373,256000000,0,0,0,0,0,0,1,1,0,0,[14065.]
c:26894,c:32531,990000,0,0,0,0,0,0,1,0,0,0,[14074.]
c:38903,c:38904,46800000,0,0,0,0,0,0,1,0,1,0,[14242.]
c:26050,c:25782,155000000,0,0,0,0,0,0,1,0,0,0,[14374.]
c:10166,c:28679,3600000,0,0,0,0,0,0,1,0,0,0,[14502.]
c:40591,c:63461,110000000,0,0,0,0,0,0,1,1,0,0,[14585.]
c:64013,c:30873,115000000,0,0,0,0,0,0,1,0,0,0,[14588.]
c:3245,c:1790,3400000000,0,0,0,0,0,0,1,0,0,0,[14662.]
c:6841,c:9775,150000000,0,0,0,0,0,0,1,0,0,0,[14680.]
c:3245,c:4823,4300000000,0,0,0,0,0,0,1,0,0,0,[14752.]
c:38420,c:47936,20000000,0,0,0,0,0,0,1,0,0,0,[14777.]
c:30504,c:32528,9000000,0,0,0,0,0,0,1,0,0,0,[14804.]
c:239060,c:239069,97500000,0,0,0,0,0,0,1,0,0,0,[14809.]
c:32418,c:32417,20000000,0,0,0,0,0,0,1,1,0,0,[14874.]
c:71,c:28655,8000000,0,0,0,0,0,0,1,0,0,0,[14898.]
c:10309,c:161195,2477800,0,0,0,0,0,0,1,1,0,0,[15045.]
c:40591,c:39653,348600000,0,0,0,0,0,0,1,0,0,0,[15057.]
c:26934,c:26933,18000000,0,0,0,0,0,0,1,0,0,1,[15108.]
c:49256,c:80764,310000000,0,0,0,0,0,0,1,1,0,0,[15155.]
c:30528,c:30527,125000000,0,0,0,0,0,0,1,0,0,0,[15164.]
c:71,c:24091,884000000,0,0,0,0,0,0,1,0,0,1,[15173.]
c:270350,c:277914,270000000,0,0,0,0,0,0,1,0,0,0,[15287.]
c:36321,c:36320,13000000,0,0,0,0,0,0,1,0,0,0,[15302.]
c:26071,c:39691,242000000,0,0,0,0,0,0,1,0,0,0,[15330.]
c:27246,c:27245,15040000,0,0,0,0,0,0,1,0,0,0,[15332.]
c:26500,c:26501,170000000,0,0,0,0,0,0,1,1,0,0,[15501.]
c:71,c:14236,7680000000,0,0,0,0,0,0,1,1,0,0,[15571.]
c:26059,c:28670,11030000,0,0,0,0,0,0,1,0,0,0,[15583.]
c:71,c:26471,1400000000,0,0,0,0,0,0,1,0,0,0,[15583.]
c:26071,c:4281,60000000,0,0,0,0,0,0,1,1,0,0,[15613.]
c:32418,c:33792,172000000,0,0,0,0,0,0,1,1,0,0,[15623.]
c:71,c:13777,25000000,0,0,0,0,0,0,1,1,0,0,[15659.]
c:26071,c:65991,75000000,0,0,0,0,0,0,1,1,0,0,[15666.]
c:7945,c:33986,334000000,0,0,0,0,0,0,1,0,1,0,[15787.]
c:26059,c:26809,1600000,0,0,0,0,0,0,1,0,0,0,[15803.]
c:22518,c:15829,685000000,0,0,0,0,0,0,1,0,0,0,[15957.]
c:10309,c:161194,4100000,0,0,1,0,0,0,0,1,0,0,[15993.]
c:28897,c:28896,10180000,0,0,0,0,0,0,1,0,0,0,[16037.]
c:4175,c:7182,200000000,0,0,0,0,0,0,1,1,0,0,[16171.]
c:71,c:45106,31000000,0,0,0,0,0,0,1,1,0,0,[16178.]
c:5394,c:6746,30000000,0,0,0,0,0,0,1,0,0,0,[16212.]
c:5394,c:22100,347000000,0,0,0,0,0,0,1,0,0,0,[16249.]
c:69538,c:38396,40000000,0,0,0,1,0,0,0,0,0,0,[16254.]
c:30595,c:30596,34000000,0,0,0,0,0,0,1,1,0,0,[16271.]
c:230880,c:285385,3500000000,0,0,0,0,0,0,1,0,1,0,[16413.]
c:68232,c:14608,120000000,0,0,0,0,0,0,1,0,0,0,[16467.]
c:71,c:43050,80000000,0,0,0,1,0,0,0,0,0,0,[16554.]
c:26901,c:26900,2000000,0,0,0,0,0,0,1,0,0,0,[16558.]
c:4175,c:27,150000000,0,0,0,0,0,0,1,0,0,0,[16570.]
c:573,c:574,1008000000,0,0,0,0,0,0,1,1,0,0,[16618.]
c:71,c:47412,40000000,0,0,0,0,0,0,1,0,0,0,[16633.]
c:4175,c:9322,125000000,0,0,0,0,0,0,1,1,0,0,[16653.]
c:71,c:47286,26000000,0,0,0,0,0,0,1,0,0,0,[16692.]
c:30576,c:30575,445000000,0,0,0,0,0,0,1,0,0,0,[16694.]
c:71,c:16276,20000000,0,0,0,0,0,0,1,0,0,0,[16709.]
c:4175,c:15451,5000000,0,0,0,0,0,0,1,1,0,0,[16716.]
c:48350,c:280347,301000000,0,0,0,0,0,0,1,0,0,0,[16758.]
c:33087,c:33086,3340000,0,0,0,0,0,0,1,0,0,0,[16993.]
c:267403,c:267405,14000000,0,0,0,0,0,0,1,0,0,0,[17434.]
c:29025,c:335,100000000,0,0,0,0,0,0,1,1,0,0,[17584.]
c:30060,c:28342,183500000,0,0,0,0,0,0,1,0,0,1,[17715.]
c:30574,c:30573,361180000,0,0,0,0,0,0,1,0,0,0,[17776.]
c:29025,c:1600,300000000,0,0,0,0,0,0,1,1,0,0,[18004.]
c:32944,c:32948,33000000,0,0,0,0,0,0,1,0,0,0,[18107.]
c:30969,c:30970,16300000,0,0,0,0,0,0,1,1,0,0,[18128.]
c:261912,c:261911,886000000,0,0,0,0,0,0,1,1,0,0,[18145.]
c:30060,c:30059,3000000,0,0,0,0,0,0,1,0,0,0,[18145.]
c:32944,c:32957,73400000,0,0,0,0,0,0,1,0,1,0,[18170.]
c:36087,c:26687,180000000,0,0,0,0,0,0,1,1,0,0,[18220.]
c:31915,c:37956,58000000,0,0,0,0,0,0,1,1,0,0,[18245.]
c:28787,c:40213,2000000000,0,0,0,0,0,0,1,0,1,0,[18280.]
c:27151,c:27149,23700000,0,0,0,0,0,0,1,0,0,0,[18293.]
c:32944,c:47363,318000000,0,0,0,0,0,0,1,0,0,0,[18385.]
c:25526,c:21572,70000000,0,0,1,0,0,0,0,1,0,0,[18450.]
c:30060,c:32628,59000000,0,0,0,0,0,0,1,0,0,0,[18523.]
c:49909,c:65117,341000000,0,1,0,0,0,0,0,0,0,1,[18618.]
c:30060,c:50992,40000000,0,0,0,0,0,0,1,0,0,0,[18752.]
c:30574,c:17986,580000000,0,0,0,0,0,0,1,0,0,0,[18884.]
c:30060,c:60712,95000000,0,0,0,0,0,0,1,0,0,0,[18933.]
c:31915,c:51890,325000000,0,0,0,0,0,0,1,1,0,0,[18952.]
c:17066,c:26388,2000000000,0,0,0,0,0,0,1,1,0,0,[19103.]
c:25757,c:34969,15000000,0,0,0,0,0,0,1,0,0,0,[19388.]
c:17066,c:971,190000000,0,0,0,0,0,0,1,1,0,0,[19397.]
c:30060,c:152682,46000000,0,0,0,0,0,0,1,0,0,0,[19439.]
c:32944,c:61032,8700000000,0,0,0,0,0,0,1,1,0,0,[19506.]
c:17066,c:44324,110000000,0,0,0,0,0,0,1,1,0,0,[19517.]
c:28787,c:172326,150000000,0,0,0,0,0,0,1,0,0,0,[19528.]
c:25810,c:49229,43000000,0,0,0,0,0,0,1,0,0,0,[19572.]
c:226849,c:256435,1600000000,0,0,0,0,0,0,1,0,0,0,[19589.]
c:31915,c:156590,860000000,0,0,0,0,0,0,1,1,0,0,[19701.]
c:31663,c:31866,145000000,0,0,0,0,0,0,1,0,0,0,[19742.]
c:82174,c:264793,1280000000,0,0,0,0,0,0,1,0,0,0,[19982.]
c:44814,c:44818,594000000,0,0,0,0,0,0,1,0,0,1,[20176.]
c:153168,c:153167,3500000,0,0,0,0,0,0,1,1,0,0,[20223.]
c:27277,c:27278,9000000,0,0,0,0,0,0,1,0,0,0,[20407.]
c:31663,c:157011,175000000,0,0,0,0,0,0,1,0,0,0,[20575.]
c:39873,c:78379,143000000,0,0,0,0,0,0,1,0,0,0,[20610.]
c:12934,c:51154,115000000,0,0,0,0,0,0,1,0,0,0,[20682.]
c:24864,c:24863,643000000,0,0,0,0,0,0,1,0,0,1,[20974.]
c:37798,c:37797,11000000,0,0,0,0,0,0,1,1,0,0,[21167.]
c:355,c:32951,1180000000,0,0,0,0,0,0,1,0,0,1,[21275.]
c:63311,c:63314,50000000,0,0,0,0,0,0,1,1,0,0,[21528.]
c:21154,c:10512,112000000,0,0,0,0,0,0,1,0,0,0,[21602.]
c:24864,c:63578,960000000,0,0,0,0,0,0,1,0,0,0,[21777.]
c:24864,c:36059,150000000,0,0,0,0,0,0,1,0,1,0,[22045.]
c:230501,c:230508,158000000,0,0,0,0,0,0,1,0,0,0,[22069.]
c:230501,c:263719,2000000000,0,0,0,0,0,0,1,0,0,0,[22168.]
c:38762,c:39582,39000000,0,0,0,0,0,0,1,0,0,0,[22276.]
c:18507,c:164456,20000000,0,0,0,0,0,0,1,0,0,0,[22280.]
c:31619,c:31618,6300000,0,0,0,0,0,0,1,0,0,0,[22439.]
c:30645,c:30644,80010000,0,0,0,0,0,0,1,0,0,0,[22524.]
c:31482,c:31481,12400000,0,0,0,0,0,0,1,0,0,0,[22538.]
c:33654,c:20506,800000000,0,0,0,0,0,0,1,1,0,0,[22657.]
c:304,c:4633,260000000,0,0,0,0,0,0,1,0,0,0,[22757.]
c:31482,c:32502,24000000,0,0,0,0,0,0,1,0,0,0,[22858.]
c:34362,c:34363,31800000,0,0,0,0,0,0,1,1,0,0,[22919.]
c:21154,c:273107,191000000,0,0,0,0,0,0,1,1,0,0,[22936.]
c:17830,c:9766,100000,0,0,0,0,0,0,1,1,0,0,[23037.]
c:233534,c:233535,542000000,0,0,0,0,0,0,1,0,0,0,[23293.]
c:274345,c:274346,388800000,0,0,0,0,0,0,1,1,0,0,[23307.]
c:69634,c:272365,80000000,0,0,0,0,0,0,1,0,0,0,[23329.]
c:233534,c:267421,4050000000,0,0,0,0,0,0,1,0,0,0,[23382.]
c:26717,c:26717,30000000,0,0,0,0,0,0,1,0,0,0,[23425.]
c:26717,c:26716,1700000,0,0,0,0,0,0,1,0,0,0,[23495.]
c:33654,c:53619,200000000,0,0,0,0,0,0,1,0,0,0,[23599.]
c:18507,c:164461,150000000,0,0,0,0,0,0,1,0,0,0,[24196.]
c:355,c:354,300000000,0,0,0,0,0,0,1,1,0,0,[24197.]
c:304,c:39101,380000000,0,0,0,0,0,0,1,0,0,0,[24289.]
c:18507,c:164457,35000000,0,0,0,0,0,0,1,0,0,0,[24592.]
c:227509,c:227515,205000000,0,0,0,0,0,0,1,0,0,0,[24639.]
c:355,c:62809,4500000000,0,0,0,0,0,0,1,0,0,0,[24678.]
c:355,c:4999,1600000000,0,0,0,0,0,0,1,1,0,0,[25040.]
c:18507,c:283526,75000000,0,0,0,0,0,0,1,0,0,0,[25172.]
c:40902,c:40250,62000000,0,0,0,0,0,0,1,0,0,0,[25229.]
c:355,c:2467,13900000000,0,0,0,0,0,0,1,0,0,0,[25335.]
c:355,c:8023,360000000,0,0,0,0,0,0,1,1,0,0,[25475.]
c:28357,c:28900,11900000,0,0,0,0,0,0,1,0,0,0,[25541.]
c:28357,c:28358,1500000000,0,0,0,0,0,0,1,0,1,0,[25775.]
c:355,c:10731,2700000000,0,0,0,0,0,0,1,1,0,0,[25882.]
c:49400,c:31916,3400000000,0,0,0,0,0,0,1,0,0,0,[26090.]
c:355,c:37783,30000000,0,0,0,0,0,0,1,0,0,0,[26106.]
c:355,c:3825,1200000000,0,0,0,0,0,0,1,0,0,0,[26114.]
c:355,c:54506,2350000000,0,0,0,0,0,0,1,0,0,0,[26177.]
c:355,c:16178,1500000000,0,0,0,0,0,0,1,0,0,0,[26188.]
c:355,c:2506,10200000000,0,0,0,0,0,0,1,1,0,0,[26527.]
c:28357,c:31921,2200000000,0,0,0,0,0,0,1,1,0,0,[26835.]
c:24735,c:265403,140000000,0,0,0,0,0,0,1,0,0,0,[26924.]
c:217606,c:72071,7200000000,0,0,0,0,0,0,1,0,0,0,[27006.]
c:65077,c:16271,40000000,0,0,0,0,0,0,1,0,0,0,[27734.]
c:37380,c:25637,18400000000,0,0,0,0,0,0,1,0,0,0,[28388.]
c:1915,c:8946,181000000,0,0,0,0,0,0,1,1,0,0,[28695.]
c:58207,c:183397,317000000,0,0,0,0,0,0,1,0,0,0,[28728.]
c:31615,c:31614,480300000,0,0,0,0,0,0,1,0,0,0,[29009.]
c:31615,c:31616,36500000,0,0,0,0,0,0,1,0,0,0,[29010.]
c:30927,c:30928,2500000,0,0,0,0,0,0,1,0,1,0,[29080.]
c:12623,c:595,1300000000,0,0,0,0,0,0,1,1,0,0,[29573.]
c:4304,c:13402,6500000000,0,0,0,0,0,0,1,1,0,0,[29678.]
c:85736,c:272359,2400000000,0,0,0,0,0,0,1,1,0,0,[29874.]
c:342,c:7902,7400000000,0,0,0,0,0,0,1,0,0,1,[30051.]
c:1915,c:3232,20000000,0,0,0,0,0,0,1,0,0,0,[30132.]
c:12623,c:4770,530000000,0,0,0,0,0,0,1,0,1,0,[30536.]
c:342,c:341,350000000,0,0,0,0,0,0,1,1,0,0,[30605.]
c:74770,c:173430,200000000,0,0,0,0,0,0,1,0,0,0,[30638.]
c:20016,c:44556,1070000000,0,0,0,0,0,0,1,0,1,0,[30763.]
c:31615,c:43670,206000000,0,0,0,0,0,0,1,0,0,0,[30876.]
c:342,c:6742,20000000,0,0,0,0,0,0,1,1,0,0,[30921.]
c:280571,c:280568,2210000000,0,0,0,0,0,0,1,0,0,0,[31003.]
c:66003,c:150417,260000000,0,0,0,0,0,0,1,0,0,0,[31048.]
c:541,c:52,327000000,0,0,0,0,0,0,1,1,0,0,[31077.]
c:342,c:839,18400000,0,0,0,0,0,0,1,1,0,0,[31214.]
c:342,c:6596,4000000000,0,0,0,0,0,0,1,0,1,0,[31366.]
c:342,c:23125,763200000,0,0,0,0,0,0,1,0,0,0,[31696.]
c:274050,c:274053,265000000,0,0,0,0,0,0,1,0,0,0,[31708.]
c:7576,c:30804,350000000,0,0,0,0,0,0,1,0,0,0,[31888.]
c:241518,c:241515,48500000,0,0,0,0,0,0,1,0,0,0,[31981.]
c:12623,c:37922,60000000,0,0,0,0,0,0,1,0,0,0,[32002.]
c:241518,c:263283,122400000,0,0,0,0,0,0,1,0,0,0,[32029.]
c:342,c:18315,40000000,0,0,0,0,0,0,1,0,0,0,[32171.]
c:7576,c:51080,490000000,0,0,0,0,0,0,1,1,0,0,[32308.]
c:13779,c:33886,497000000,0,0,0,0,0,0,1,0,0,1,[32493.]
c:27295,c:282029,958000000,0,0,0,1,0,0,0,0,0,0,[32641.]
c:4861,c:26525,49000000,0,0,0,0,0,0,1,0,0,0,[33327.]
c:32510,c:32514,14300000,0,0,0,0,0,0,1,1,0,0,[33431.]
c:541,c:50187,1300000000,0,0,0,0,0,0,1,0,0,0,[33510.]
c:212202,c:274956,75000000,0,0,0,1,0,0,0,0,0,0,[33537.]
c:541,c:75577,117000000,0,0,0,0,0,0,1,0,0,0,[33566.]
c:5580,c:37329,4600000000,0,0,0,0,0,0,1,0,0,0,[33581.]
c:32510,c:37706,10000000,0,0,0,0,0,0,1,0,1,0,[33585.]
c:4861,c:4873,160000000,0,0,0,0,0,0,1,0,0,0,[33619.]
c:3658,c:20462,15700000,0,0,0,0,0,0,1,1,0,0,[33666.]
c:32510,c:59070,287000000,0,0,0,0,0,0,1,0,0,0,[33861.]
c:258527,c:285601,260000000,0,0,0,0,0,0,1,0,0,0,[33946.]
c:258527,c:285603,28000000,0,0,0,0,0,0,1,0,0,0,[33946.]
c:26486,c:26487,124000000,0,1,0,0,0,0,0,1,0,0,[34138.]
c:26486,c:478,3800000,0,0,0,0,0,0,1,0,0,0,[34179.]
c:13779,c:268949,1200000000,0,0,0,0,0,0,1,0,0,0,[34251.]
c:27295,c:282030,48600000,0,0,0,1,0,0,0,0,0,0,[34413.]
c:21683,c:4002,374000000,0,0,0,0,0,0,1,0,0,0,[34480.]
c:7389,c:28626,8000000,0,0,0,0,0,0,1,0,0,0,[34564.]
c:83647,c:28502,266000000,0,0,0,0,0,0,1,0,0,0,[35525.]
c:26486,c:3445,27700000,0,0,0,0,0,0,1,0,0,0,[35585.]
c:26486,c:3525,27000000,0,0,0,0,0,0,1,0,0,0,[36000.]
c:7060,c:50055,54000000,0,0,0,0,0,0,1,0,0,0,[36800.]
c:31279,c:31278,98300000,0,0,0,0,0,0,1,0,0,0,[37085.]
c:1246,c:596,45000000,0,0,0,0,0,0,1,1,0,0,[37163.]
c:59312,c:228074,195000000,0,0,0,0,0,0,1,0,0,0,[37425.]
c:31357,c:32180,175000000,0,0,0,0,0,0,1,0,0,0,[37725.]
c:259799,c:183726,30400000,0,0,0,0,0,0,1,0,0,0,[37861.]
c:7060,c:25775,5750000000,0,0,0,0,0,0,1,0,1,0,[37891.]
c:276618,c:276620,64000000,0,0,0,0,0,0,1,0,0,0,[37925.]
c:44898,c:141919,72500000,0,0,0,0,0,0,1,1,0,0,[37938.]
c:31357,c:31356,62870000,0,0,0,0,0,0,1,0,0,0,[37949.]
c:20211,c:35403,95000000,0,0,0,0,0,0,1,1,0,0,[38274.]
c:157985,c:198069,54800000,0,0,0,0,0,0,1,0,1,0,[38665.]
c:261784,c:69808,1250000000,0,0,0,0,0,0,1,0,0,0,[38964.]
c:20211,c:55583,230000000,0,0,0,0,0,0,1,1,0,0,[39689.]
c:4199,c:12440,4000000,0,0,0,0,0,0,1,0,0,0,[39793.]
c:4199,c:15491,175000000,0,0,0,0,0,0,1,0,0,0,[40201.]
c:29929,c:23052,270000000,0,0,0,0,0,0,1,0,0,1,[40224.]
c:11318,c:239331,9000000,0,0,0,0,0,0,1,0,0,0,[40280.]
c:285396,c:285399,23000000,0,0,0,0,0,0,1,0,0,0,[40520.]
